id,Fecha,Booking,Cliente,Origen,fecha_registro,key,chofer,Estado,Observaciones,Contenedor,Precinto,Obs.,Transporte,Cantidad
19.0,29/08,258417597,Lawter Argentina S.A.,-,2025-08-30T13:56:07.664593,,,Arribado,,,,,,
50.0,03/09,20959636,Norfor Sa,Huxley Sa,2025-09-03T15:05:36.421563,,,Arribado,,HAMU-161665-4,********,28600,,
1.0,01/09,17053740,Litoral Citrus S A,Huxley Sa,2025-08-30T13:56:06.080301,,,Arribado,,CAIU-684727-3,********,,,
12.0,02/09,ZIMUBUE9043076,Mercopallet Srl,Hiperbaires - Icb T.Sur,2025-08-30T13:56:07.056949,,,Arribado,,GSPU-436416-7,********,,,
52.0,03/09,33064021,Norfor Sa,Huxley Sa,2025-09-03T15:20:37.931706,,,Arribado,,GCXU-595148-0,**************,28600,,
5.0,01/09,257343891,Henn Y Cia S.R.L.,Huxley Sa,2025-08-30T13:56:06.444992,,,Arribado,,MRKU-589346-6,************,,,
6.0,01/09,69996360,Mafralac Alimenticia Srl,Huxley Sa,2025-08-30T13:56:06.532242,,nahuel jr,09:52 Arribado,,TCNU-370840-5,***********,,,
27.0,02/09,BUEF10283700,Santa Anita Oil Sa,Hiperbaires - Icb T.Sur,2025-09-01T13:50:37.425345,,,Arribado,,KKFU-815950-6,******,28600,,
28.0,02/09,BUEF10283700,Santa Anita Oil Sa,Hiperbaires - Icb T.Sur,2025-09-01T13:50:37.569571,,,Arribado,,TGBU-529822-8,***********,28600,,
34.0,02/09,BUEF10239800,Pelama Chubut S.A.,Exolgan,2025-09-01T21:20:40.17314,,,Arribado,,ONEU-271813-8,**************,,,
8.0,01/09,69996360,Mafralac Alimenticia Srl,Huxley Sa,2025-08-30T13:56:06.733648,,,09:52 Arribado,,TCNU-370840-5,***********,,,
7.0,01/09,69996360,Mafralac Alimenticia Srl,Huxley Sa,2025-08-30T13:56:06.619535,,nahuel jr,09:52 Arribado,,TCNU-370840-5,***********,,,
53.0,03/09,33064021,Norfor Sa,Huxley Sa,2025-09-03T15:20:38.020426,,,Arribado,,FANU-144790-0,*********,28600,,
3.0,01/09,257343891,Henn Y Cia S.R.L.,Huxley Sa,2025-08-30T13:56:06.250843,,marcelo porco,Arribado,,MRKU-589346-6,************,,,
45.0,03/09,ZIMUBUE9043286,Aniceto Gomez Sa,Hiperbaires - Icb T.Sur,2025-09-02T15:20:37.798578,,,Arribado,,HPCU-468360-0,*********,,,
58.0,05/09,66331772,Championx Argentina Srl,Exolgan,2025-09-04T14:50:36.35978,,,Arribado,,BMOU-140308-6,********************,,,
38.0,05/09,258534129,Lift Van Int. Co S.A,Huxley Sa,2025-09-01T21:20:40.556362,,,Arribado,,TCKU-757132-1,**************,Jairo Aulacio,,
54.0,03/09,MCORIV030883,Bdfm Sa,Hiperbaires - Icb T.Sur,2025-09-03T20:20:36.836364,,,Arribado,,,,,,
11.0,02/09,ZIMUBUE9043076,Mercopallet Srl,Hiperbaires - Icb T.Sur,2025-08-30T13:56:06.976386,,,Arribado,,ZCSU-747357-7,****************,,,
13.0,02/09,ZIMUBUE9043076,Mercopallet Srl,Hiperbaires - Icb T.Sur,2025-08-30T13:56:07.145896,,,Arribado,,ZCSU-747357-7,****************,,,
33.0,02/09,82112000,Helvecia S.A.,Huxley Sa,2025-09-01T17:35:38.183714,,,Arribado,,HLBU-321694-0,*****************,28600,,
44.0,02/09,258776239,Javier Luque S.R.L.,Gamma Mujica,2025-09-02T13:35:36.719192,,ariel ortiz,08:55 Arribado,,MSKU-384486-5,********,,,
43.0,02/09,258776239,Javier Luque S.R.L.,Gamma Mujica,2025-09-02T13:35:36.625799,,ariel ortiz,08:57 Arribado,,MRKU-924670-3,********,,,
42.0,02/09,258776239,Javier Luque S.R.L.,Gamma Mujica,2025-09-02T13:35:36.52233,,nahuel ortiz,09:10 Arribado,,MRKU-778099-9,**************,,,
14.0,05/09,19086151,Seaside Logistic Sa,Huxley Sa,2025-08-30T13:56:07.226386,,,Arribado,,HAMU-275575-7,********************,,,
24.0,02/09,BUEF10283700,Santa Anita Oil Sa,Hiperbaires - Icb T.Sur,2025-09-01T13:50:37.159064,,,Arribado,,AXIU-145727-7,********,28600,,
15.0,05/09,19086151,Seaside Logistic Sa,Huxley Sa,2025-08-30T13:56:07.306348,,,Arribado,,CAIU-863315-7,********************,,,
31.0,02/09,BUEF10547300,Pallets Nef De Raul E. Fernand...,Hiperbaires - Icb T.Sur,2025-09-01T15:05:39.006969,,david sanchez,10:52 Arribado,,TRHU-558959-3,************,,,
55.0,05/09,EBKG14005814,Hdv Leather S.R.L.,Medlog Sarandi,2025-09-03T20:20:36.922693,,,Arribado,,MSDU-696490-9,FX32911437,26600,,
30.0,02/09,BUEF10547300,Pallets Nef De Raul E. Fernand...,Hiperbaires - Icb T.Sur,2025-09-01T15:05:38.921158,,pedro muller,11:01 Arribado,,DRYU-607653-6,*********,,,
41.0,02/09,258776239,Javier Luque S.R.L.,Gamma Mujica,2025-09-02T13:35:36.41006,,nahuel ortiz,09:08 Arribado,,MRKU-651972-2,***********,,,
39.0,05/09,258940403,Lawter Argentina S.A.,Huxley Sa,2025-09-01T21:20:40.63692,,,Arribado,,MRKU-097933-5,********************,,,
57.0,05/09,EBKG14005814,Hdv Leather S.R.L.,Medlog Sarandi,2025-09-03T20:20:37.115568,,,Arribado,,MSDU-696490-9,FX32911437,26600,,
25.0,02/09,BUEF10283700,Santa Anita Oil Sa,Hiperbaires - Icb T.Sur,2025-09-01T13:50:37.249431,,,Arribado,,AXIU-145727-7,********,28600,,
51.0,03/09,33064021,Norfor Sa,Huxley Sa,2025-09-03T15:20:37.833853,,,Arribado,,GCXU-595148-0,**************,28600,,
47.0,03/09,20959636,Norfor Sa,Huxley Sa,2025-09-03T15:05:36.152332,,,Arribado,,FANU-379553-0,*********,28600,,
40.0,05/09,258940403,Lawter Argentina S.A.,Huxley Sa,2025-09-01T21:20:40.73587,,,Arribado,,MSKU-664504-4,*************,,,
46.0,03/09,13662045,Lift Van Int. Co S.A,Huxley Sa,2025-09-02T17:35:36.961784,,,Arribado,,UACU-574303-2,HLD 0436086,Renata Milanese,,
35.0,02/09,EBKG13841976,Alimentaria Sa,Medlog Sarandi,2025-09-01T21:20:40.264468,,,Arribado,,TCNU-786486-0,FX32913306,,,
37.0,03/09,34759445,Lift Van Int. Co S.A,Exolgan,2025-09-01T21:20:40.463254,,,Arribado,,HLBU-104025-5,**********,AARON TIFANNY,,
23.0,02/09,BUEF10283700,Santa Anita Oil Sa,Hiperbaires - Icb T.Sur,2025-09-01T13:50:37.06345,,,Arribado,,AXIU-145727-7,********,28600,,
10.0,02/09,ZIMUBUE9043076,Mercopallet Srl,Hiperbaires - Icb T.Sur,2025-08-30T13:56:06.894182,,,Arribado,,GSPU-436416-7,********,,,
48.0,03/09,20959636,Norfor Sa,Huxley Sa,2025-09-03T15:05:36.246324,,,Arribado,,HAMU-161665-4,********,28600,,
26.0,02/09,BUEF10283700,Santa Anita Oil Sa,Hiperbaires - Icb T.Sur,2025-09-01T13:50:37.337125,,,Arribado,,AXIU-145727-7,********,28600,,
2.0,01/09,257343891,Henn Y Cia S.R.L.,Huxley Sa,2025-08-30T13:56:06.168064,,alan porco,Arribado,,GCXU-581554-4,**********,,,
4.0,01/09,257343891,Henn Y Cia S.R.L.,Huxley Sa,2025-08-30T13:56:06.339779,,,Arribado,,GCXU-581554-4,**********,,,
49.0,03/09,20959636,Norfor Sa,Huxley Sa,2025-09-03T15:05:36.330892,,,Arribado,,FANU-379553-0,*********,28600,,
22.0,01/09/2025,258310013,LIFTVAN,huxley,2025-09-01T13:42:51.682914,,Schaumayer ,Arribado,,SUDU-592045-9,,,,
60.0,05/09,27610711,Praxair Argentina S.R.L.,Exolgan,2025-09-04T17:35:36.343572,,,Arribado,,HLBU-347344-4,*******************,,,
646.0,10/12,LA0461221,Lift Van Int. Co S.A,Huxley Sa,2025-12-10T12:50:44.415581,,,Arribado,,,,,,
687.0,12/12,EBKG15066032,Mader Zu S.R.L.,Medlog Sarandi,2025-12-11T23:35:42.622362,,,Arribado,,FFAU-559293-9,FX-32956776,28600,,
587.0,27/11,34773963,Henn Y Cia S.R.L.,Huxley Sa,2025-12-02T03:06:08.656086,,,Arribado,,,,,,
67.0,08/09,31734501,Pelama Chubut S.A.,Huxley Sa,2025-09-05T14:35:37.394439,,matias moscardini,Arribado,,UACU-845565-7,********************,,,
59.0,05/09,66331772,Championx Argentina Srl,Exolgan,2025-09-04T14:50:36.457614,,,Arribado,,BMOU-140308-6,********************,,,
68.0,08/09,153IAR0651167,Lawter Argentina S.A.,Medlog Sarandi,2025-09-05T15:05:38.06294,,damin bertoli,Arribado,,MSBU-409899-0,FX32910723,,,
70.0,08/09,153IAR0651167,Lawter Argentina S.A.,Medlog Sarandi,2025-09-05T15:05:38.250452,,miguel bertoli,Arribado,,MSBU-409899-0,FX32910723,,,
95.0,09/09,259009511,Manufactura Los Andes S.A.,Gamma Libertador,2025-09-08T19:50:38.214028,,,Arribado,,MRKU-004178-6,******************,,,
103.0,10/09,MCORIV030926,Santana Textil Chaco Sa,Hiperbaires - Icb T.Sur,2025-09-09T13:50:37.159991,,,Arribado,,CMAU-382489-4,8681736,,,
104.0,10/09,MCORIV030926,Santana Textil Chaco Sa,Hiperbaires - Icb T.Sur,2025-09-09T13:50:37.238629,,,Arribado,,CMAU-652269-2,R8681649,,,
72.0,09/09,37536771,Mafralac Alimenticia Srl,Huxley Sa,2025-09-05T19:05:38.828622,,dario benitez,Arribado,,HAMU-405791-9,***************,28600.0,,
111.0,11/09,EBKG14049385,Taeda Sa,Exolgan,2025-09-10T19:35:37.23812,,,Arribado,,MSDU-854195-3,FX32947287,28600.0,,
93.0,09/09,25001EC01059897C,Aj Comercio Exterior Srl,-,2025-09-08T19:05:38.153728,,,Arribado,,,,,,
110.0,11/09,EBKG14103888,Isischu Srl,Exolgan,2025-09-10T18:05:36.693221,,,Arribado,,MSBU-501768-9,FX32947324,28600.0,,
36.0,02/09,EBKG13841976,Alimentaria Sa,Medlog Sarandi,2025-09-01T21:20:40.370841,,,Arribado,,TCNU-786486-0,FX32913306,,,
102.0,10/09,MCORIV030926,Santana Textil Chaco Sa,Hiperbaires - Icb T.Sur,2025-09-09T13:50:37.082386,,,Arribado,,BEAU-400436-2,R8685356,,,
79.0,09/09,258260897,Hilado Sa,Gamma Libertador,2025-09-05T19:35:39.193315,,,Arribado,,TCKU-773550-7,****************,28600.0,,
80.0,05/09,BUA0349544,Alimentaria Sa,Terminal 7,2025-09-05T21:05:37.115483,,pedro muller,11:34 Arribado,,CMAU-173653-6,R8695147,,,
32.0,02/09,82112000,Helvecia S.A.,Huxley Sa,2025-09-01T17:35:38.084159,,,Arribado,,BSIU-821792-0,****************,28600,,
66.0,08/09,EBKG13709692,Henn Y Cia S.R.L.,Medlog Sarandi,2025-09-05T13:20:37.936581,,alan porco,Arribado,,MSBU-131709-7,FX32910704,26600.0,,
75.0,09/09,258260897,Hilado Sa,Gamma Libertador,2025-09-05T19:35:38.764291,,moscardini cristian,Arribado,,MRSU-437332-8,********************,28600.0,,
112.0,11/09,EBKG14049385,Taeda Sa,Exolgan,2025-09-10T19:35:37.330143,,,Arribado,,MSDU-854195-3,FX32947287,28600.0,,
63.0,08/09,EBKG13709692,Henn Y Cia S.R.L.,Medlog Sarandi,2025-09-05T13:20:37.560738,,matias moscardini,Arribado,,MSMU-261648-1,FX32910716,26600.0,,
109.0,11/09,BUA0350295,Suabia Maderas Srl,Hiperbaires - Icb T.Sur,2025-09-10T15:05:36.549559,,,Arribado,,CMAU-581885-9,R8683744,26600.0,,
98.0,09/09,259009511,Manufactura Los Andes S.A.,Gamma Libertador,2025-09-08T19:50:38.614413,,,Arribado,,MRKU-048265-2,*************,,,
74.0,09/09,258260897,Hilado Sa,Gamma Libertador,2025-09-05T19:35:38.675187,,moscardini matias,Arribado,,CAAU-768231-8,***************,28600.0,,
89.0,12/09,58930454,Borax Argentina S A,Huxley Sa,2025-09-08T18:05:37.020243,,,Arribado,,MOAU-581557-6,***************,,,
73.0,09/09,258260897,Hilado Sa,Gamma Libertador,2025-09-05T19:35:38.588021,,,Arribado,,MRSU-437332-8,********************,28600.0,,
216.0,24/09,153IAR0651850,Pallets Jauregui Sociedad Anon...,-,2025-09-23T15:05:36.058598,,,Arribado,,MSDU-717584-4,FX32916332,28600,,
105.0,10/09,MCORIV030926,Santana Textil Chaco Sa,Hiperbaires - Icb T.Sur,2025-09-09T13:50:37.320246,,,Arribado,,BEAU-400436-2,R8685356,,,
62.0,08/09,34199313,Mercovan Argentina S.A.,Exolgan,2025-09-05T13:05:34.950846,,ariel ortiz,Arribado,,UACU-831687-8,********************,,,
92.0,09/09,25001EC01059897C,Aj Comercio Exterior Srl,-,2025-09-08T19:05:38.054074,,,Arribado,,,,,,
96.0,09/09,259009511,Manufactura Los Andes S.A.,Gamma Libertador,2025-09-08T19:50:38.419721,,,Arribado,,MRKU-004178-6,******************,,,
107.0,10/09,340500034965,Mader Zu S.R.L.,Gamma Libertador,2025-09-09T15:20:38.67606,,,Arribado,,FFAU-511267-0,******************,,,
56.0,05/09,EBKG14005814,Hdv Leather S.R.L.,Medlog Sarandi,2025-09-03T20:20:37.01664,,,Arribado,,TGBU-991637-1,FX32911438,26600,,
85.0,08/09,BUA0350014,Sandrin Paola Karina,Hiperbaires - Icb T.Sur,2025-09-08T17:05:36.316461,,,Arribado,,GESU-657141-8,R8685573,,,
81.0,09/09,BUEF10287400,Virasoro Maderas S R L,Hiperbaires - Icb T.Sur,2025-09-08T13:05:35.173086,,,Arribado,,ONEU-029765-7,*****************,,,
82.0,09/09,BUEF10287400,Virasoro Maderas S R L,Hiperbaires - Icb T.Sur,2025-09-08T13:05:35.280244,,,Arribado,,ONEU-029765-7,*****************,,,
76.0,09/09,258260897,Hilado Sa,Gamma Libertador,2025-09-05T19:35:38.861853,,ariel ortiz,Arribado,,MRSU-437332-8,********************,28600.0,,
88.0,12/09,58930454,Borax Argentina S A,Huxley Sa,2025-09-08T18:05:36.931791,,,Arribado,,MOAU-581557-6,***************,,,
86.0,08/09,BUA0350014,Sandrin Paola Karina,Hiperbaires - Icb T.Sur,2025-09-08T17:05:36.416663,,,Arribado,,GESU-657141-8,R8685573,,,
100.0,10/09,259005939,Lift Van Int. Co S.A,-,2025-09-08T21:50:39.428445,,,Arribado,,,,,,
99.0,10/09,BUA0349119,Agrotres S.A,Hiperbaires - Icb T.Sur,2025-09-08T20:20:37.05494,,,Arribado,,TCLU-831202-4,R8681742,,,
91.0,09/09,258476881,Mercovan Argentina S.A.,Gamma Libertador,2025-09-08T18:50:38.255266,,,Arribado,,,,,,
71.0,09/09,61995137,Mader Zu S.R.L.,Huxley Sa,2025-09-05T16:50:38.016294,,nahuel ortiz,Arribado,,HAMU-288422-4,********************,28600.0,,
87.0,08/09,BUA0350014,Sandrin Paola Karina,Hiperbaires - Icb T.Sur,2025-09-08T17:05:36.510813,,,Arribado,,TCKU-626944-6,R8685565,,,
101.0,10/09,MCORIV030926,Santana Textil Chaco Sa,Hiperbaires - Icb T.Sur,2025-09-09T13:50:36.994417,,,Arribado,,CMAU-382489-4,8681736,,,
90.0,08/09,258781862,Refractarios Argentinos Saicm,Gamma Mujica,2025-09-08T18:20:36.432785,,,Arribado,,MRKU-947690-1,**********,,,
106.0,10/09,340500034965,Mader Zu S.R.L.,Gamma Libertador,2025-09-09T15:20:38.581906,,,Arribado,,DRYU-957363-9,******************,,,
77.0,09/09,258260897,Hilado Sa,Gamma Libertador,2025-09-05T19:35:39.024709,,,Arribado,,MRSU-539605-6,******************,28600.0,,
69.0,08/09,153IAR0651167,Lawter Argentina S.A.,Medlog Sarandi,2025-09-05T15:05:38.157538,,peril marcelo,Arribado,,MSCU-471008-0,FX32910713,,,
94.0,09/09,259009511,Manufactura Los Andes S.A.,Gamma Libertador,2025-09-08T19:50:38.006634,,,Arribado,,MRKU-004178-6,******************,,,
78.0,09/09,258260897,Hilado Sa,Gamma Libertador,2025-09-05T19:35:39.114686,,,Arribado,,SUDU-690571-5,****************,28600.0,,
108.0,11/09,259211588,Isischu Srl,Huxley Sa,2025-09-10T15:05:36.434773,,,Arribado,,,,,,
122.0,15/09,340500034982,Henn Y Cia S.R.L.,Gamma Libertador,2025-09-11T20:20:37.714485,,,Arribado,,EMCU-824298-6,********************,,,
147.0,16/09,153IAR0651887,Pallets Jauregui Sociedad Anon...,Exolgan,2025-09-15T15:50:44.436183,,,Arribado,,TIIU-510262-7,FX32919610,28600,,
163.0,16/09,29071661,Jet Cargo S.A.,Huxley Sa,2025-09-16T13:50:43.960242,,,Arribado,,BEAU-500026-9,****************,,,
128.0,15/09,340500034574,Norfor Sa,Gamma Libertador,2025-09-12T17:35:37.804663,,,10:20 Arribado,,EISU-824617-7,***************,,,
129.0,15/09,340500034574,Norfor Sa,Gamma Libertador,2025-09-12T17:35:37.895292,,,10:23 Arribado,,EITU-936408-0,************,,,
130.0,15/09,340500034574,Norfor Sa,Gamma Libertador,2025-09-12T17:35:37.981645,,,10:20 Arribado,,EISU-824617-7,***************,,,
131.0,15/09,340500034574,Norfor Sa,Gamma Libertador,2025-09-12T17:35:38.06234,,,10:23 Arribado,,EITU-936408-0,************,,,
154.0,16/09,32311349,Mader Zu S.R.L.,Huxley Sa,2025-09-15T17:05:44.453195,,,Arribado,,HLBU-175185-0,******************,28600,,
155.0,16/09,90503487,Lift Van Int. Co S.A,Huxley Sa,2025-09-15T20:35:43.965522,,,Arribado,,UETU-278310-2,HLD0436013,MENGYA ZHOU,,
145.0,16/09,153IAR0651887,Pallets Jauregui Sociedad Anon...,Exolgan,2025-09-15T15:50:44.225036,,,Arribado,,TIIU-510262-7,FX32919610,28600,,
132.0,15/09,340500034574,Norfor Sa,Gamma Libertador,2025-09-12T17:35:38.149262,,,10:45 Arribado,,CAAU-749721-7,***********,,,
133.0,15/09,340500034574,Norfor Sa,Gamma Libertador,2025-09-12T17:35:38.228237,,,10:20 Arribado,,EISU-824617-7,***************,,,
146.0,16/09,153IAR0651887,Pallets Jauregui Sociedad Anon...,Exolgan,2025-09-15T15:50:44.339143,,,Arribado,,TIIU-510262-7,FX32919610,28600,,
125.0,15/09,340500034982,Henn Y Cia S.R.L.,Trp - Terminales 1-2-3,2025-09-11T20:20:38.009606,,,Arribado,,EGHU-975260-8,***************,,,
136.0,15/09,EBKG14145517,Borax Argentina S A,Medlog Sarandi,2025-09-12T17:50:37.887907,,,Arribado,,MEDU-522472-6,FX32919002,Fact 12619,,
121.0,15/09,340500034982,Henn Y Cia S.R.L.,Trp - Terminales 1-2-3,2025-09-11T20:20:37.623779,,,Arribado,,EGHU-975260-8,***************,,,
123.0,15/09,340500034982,Henn Y Cia S.R.L.,Gamma Libertador,2025-09-11T20:20:37.826095,,,Arribado,,TIIU-487366-1,*************,,,
124.0,15/09,340500034982,Henn Y Cia S.R.L.,Trp - Terminales 1-2-3,2025-09-11T20:20:37.916967,,,Arribado,,TRHU-677949-5,******************,,,
135.0,15/09,EBKG14145517,Borax Argentina S A,Medlog Sarandi,2025-09-12T17:50:37.787677,,,Arribado,,MSDU-132283-0,FX32919001,Fact 12619,,
159.0,16/09,258250569,Henn Y Cia S.R.L.,Gamma Libertador,2025-09-15T21:05:45.022755,,,Arribado,,MRSU-425210-0,**************,28600,,
127.0,15/09,EBKGQ00122A5,Lift Van Int. Co S.A,Hiperbaires - Icb T.Sur,2025-09-12T15:20:36.907269,,,Arribado,,TCLU-484898-1,FX32950093,,,
64.0,08/09,EBKG13709692,Henn Y Cia S.R.L.,Medlog Sarandi,2025-09-05T13:20:37.64563,,matias moscardini,Arribado,,TTNU-111421-7,FX32910717,26600.0,,
138.0,15/09,EBKG13977029,Minera Santa Rita Srl,Hiperbaires - Icb T.Sur,2025-09-12T18:05:35.173245,,,Arribado,,MSBU-400834-2,FX32950092,FACT 14-464,,
65.0,08/09,EBKG13709692,Henn Y Cia S.R.L.,-,2025-09-05T13:20:37.73588,,alan porco,Arribado,,MEDU-571584-3,FX32910705,26600.0,,
61.0,08/09,17053204,Mercovan Argentina S.A.,Exolgan,2025-09-05T13:05:34.852133,,marcelo porco,Arribado,,HLBU-403514-4,******************,,,
148.0,16/09,153IAR0651887,Pallets Jauregui Sociedad Anon...,Exolgan,2025-09-15T15:50:44.52651,,,Arribado,,UETU-558827-0,FX32919559,28600,,
137.0,15/09,EBKG14145517,Borax Argentina S A,Medlog Sarandi,2025-09-12T17:50:37.987266,,,Arribado,,MSDU-132283-0,FX32919001,Fact 12619,,
149.0,16/09,153IAR0651887,Pallets Jauregui Sociedad Anon...,Exolgan,2025-09-15T15:50:44.627802,,,Arribado,,TIIU-510262-7,FX32919610,28600,,
120.0,15/09,340500034982,Henn Y Cia S.R.L.,Trp - Terminales 1-2-3,2025-09-11T20:20:37.535809,,,Arribado,,TRHU-677949-5,******************,,,
116.0,12/09,42424015,Alimentaria Sa,Exolgan,2025-09-11T15:05:36.799067,,,Arribado,,FANU-352783-5,**********,,,
114.0,12/09,75526877,Alimentaria Sa,Exolgan,2025-09-11T14:50:35.245195,,,Arribado,,CAAU-229891-1,**********,,,
150.0,16/09,153IAR0651887,Pallets Jauregui Sociedad Anon...,Exolgan,2025-09-15T15:50:44.717709,,,Arribado,,UETU-558827-0,FX32919559,28600,,
153.0,16/09,32311349,Mader Zu S.R.L.,Huxley Sa,2025-09-15T17:05:44.368898,,,Arribado,,HLBU-175185-0,******************,28600,,
118.0,15/09,340500034982,Henn Y Cia S.R.L.,Trp - Terminales 1-2-3,2025-09-11T20:20:37.329868,,,Arribado,,EGHU-975260-8,***************,,,
143.0,16/09,340500034817,Curtiembre Infante Sa,Trp - Terminales 1-2-3,2025-09-15T14:20:45.740531,,,Arribado,,EGSU-123921-2,*****************,28600,,
144.0,16/09,340500034817,Curtiembre Infante Sa,Trp - Terminales 1-2-3,2025-09-15T14:20:45.86309,,,Arribado,,EGSU-123921-2,*****************,28600,,
119.0,15/09,340500034982,Henn Y Cia S.R.L.,Gamma Libertador,2025-09-11T20:20:37.427474,,,Arribado,,EMCU-824298-6,********************,,,
151.0,16/09,258894129,Lift Van Int. Co S.A,Gamma Libertador,2025-09-15T17:05:44.174589,,,Arribado,,MRKU-100303-4,***************,Armando Lopez Rocha,,
115.0,12/09,75526877,Alimentaria Sa,Exolgan,2025-09-11T14:50:35.369891,,,Arribado,,HLBU-264107-6,*******************,,,
117.0,12/09,LOTE 3470,Hdv Leather S.R.L.,-,2025-09-11T18:35:38.545336,,,Arribado,,,,,,
97.0,09/09,259009511,Manufactura Los Andes S.A.,Gamma Libertador,2025-09-08T19:50:38.516772,,,Arribado,,MRKU-004178-6,******************,,,
160.0,16/09,EBKG14203837,Henn Y Cia S.R.L.,Exolgan,2025-09-15T21:05:45.103775,,,Arribado,,CAIU-776769-7,FX32914241,28600,,
161.0,16/09,EBKG14203837,Henn Y Cia S.R.L.,Exolgan,2025-09-15T21:05:45.182377,,,Arribado,,TCNU-264357-3,FX32914246,28600,,
157.0,16/09,258250569,Henn Y Cia S.R.L.,Gamma Libertador,2025-09-15T21:05:44.837126,,,Arribado,,MRSU-425210-0,**************,28600,,
162.0,16/09,EBKG14203837,Henn Y Cia S.R.L.,Exolgan,2025-09-15T21:05:45.267534,,,Arribado,,CAIU-776769-7,FX32914241,28600,,
158.0,16/09,258250569,Henn Y Cia S.R.L.,Gamma Libertador,2025-09-15T21:05:44.928057,,,Arribado,,MRSU-319738-0,***************,28600,,
141.0,16/09,BUA0349516,Alimentaria Sa,Terminal 7,2025-09-12T19:50:36.785023,,,Arribado,,GLDU-986124-8,R8695255,,,
142.0,17/09,LA0448041,Bdfm Sa,Hiperbaires - Icb T.Sur,2025-09-12T19:50:36.878648,,,Arribado,,MSMU-138438-1,**************,,,
156.0,16/09,258250569,Henn Y Cia S.R.L.,Gamma Libertador,2025-09-15T21:05:44.751453,,,Arribado,,MRSU-319738-0,***************,28600,,
139.0,15/09,EBKG13977029,Minera Santa Rita Srl,Hiperbaires - Icb T.Sur,2025-09-12T18:05:35.271243,,,Arribado,,MSBU-400834-2,FX32950092,FACT 14-464,,
688.0,12/12,EBKG15066032,Mader Zu S.R.L.,Medlog Sarandi,2025-12-11T23:35:42.718625,,,Arribado,,MEDU-438466-9,FX-32956785,28600,,
199.0,23/09,EBKG14130002,Mercovan Argentina S.A.,Defibe,2025-09-19T20:20:47.119877,,,Arribado,,MSDU-545824-9,FX32911755,Francisco DE CALHEIROS,,
203.0,23/09,EBKG14203854,Henn Y Cia S.R.L.,Exolgan,2025-09-22T14:35:45.504738,,,Arribado,,TCNU-236150-1,FX32916424,,,
209.0,23/09,SNG0478106,Capilatis S.A.,Terminal 7,2025-09-22T17:13:22.066514,,,Arribado,,ECMU-709386-7,R8691382,,,
213.0,24/09,EBKG14264133,Borax Argentina S A,Medlog Sarandi,2025-09-23T14:35:36.832404,,,Arribado,,MSNU-194646-1,FX32985838,,,
192.0,22/09,258647923,Lawter Argentina S.A.,Huxley Sa,2025-09-18T19:20:46.822112,,,Arribado,,MRKU-032206-3,***************,,,
182.0,18/09,32204078,Mercovan Argentina S.A.,Huxley Sa,2025-09-17T18:35:46.476225,,,Arribado,,FANU-139639-8,*************,,,
164.0,17/09,20616402,Javier Luque S.R.L.,Exolgan,2025-09-16T17:20:44.532097,,,Arribado,,HLBU-299969-2,******************,,,
214.0,24/09,153IAR0651850,Pallets Jauregui Sociedad Anon...,-,2025-09-23T15:05:35.817086,,,Arribado,,MSMU-441757-6,FX32916331,28600,,
165.0,17/09,20616402,Javier Luque S.R.L.,Exolgan,2025-09-16T17:20:44.63298,,,Arribado,,HLBU-299969-2,******************,,,
169.0,17/09,BUEF11039700,Hdv Leather S.R.L.,Trp - Terminales 1-2-3,2025-09-16T17:20:44.9939,,,Arribado,,ONEU-110007-9,***************,,,
208.0,23/09,SNG0478106,Capilatis S.A.,Terminal 7,2025-09-22T17:13:21.976902,,,Arribado,,ECMU-709386-7,R8691382,,,
202.0,23/09,EBKG14203854,Henn Y Cia S.R.L.,Exolgan,2025-09-22T14:35:45.413666,,,Arribado,,MEDU-762818-3,FX32916473,,,
204.0,22/09,COSU6430265970,Pelama Chubut S.A.,Gamma Mujica,2025-09-22T15:05:44.450794,,,Arribado,,CSNU-848120-0,********************,,,
188.0,19/09,13858874,Borax Argentina S A,Hiperbaires - Icb T.Sur,2025-09-17T20:50:47.262443,,,Arribado,,SEGU-270225-8,************,FC 12644,,
187.0,19/09,13858874,Borax Argentina S A,Hiperbaires - Icb T.Sur,2025-09-17T20:50:47.179057,,,Arribado,,HLBU-109548-0,**********,FC 12644,,
167.0,17/09,BUEF11038600,Hdv Leather S.R.L.,Trp - Terminales 1-2-3,2025-09-16T17:20:44.820021,,,Arribado,,ONEU-180488-5,******************,,,
172.0,18/09,257214500,Hdv Leather S.R.L.,Huxley Sa,2025-09-17T13:50:46.851843,,,Arribado,,GCXU-554691-2,******************,28600,,
175.0,18/09,340500034736,Norfor Sa,Trp - Terminales 1-2-3,2025-09-17T17:35:48.440736,,,Arribado,,EMCU-826356-7,***************,28600,,
168.0,17/09,BUEF11038600,Hdv Leather S.R.L.,Trp - Terminales 1-2-3,2025-09-16T17:20:44.907536,,,Arribado,,ONEU-180488-5,******************,,,
176.0,18/09,340500034736,Norfor Sa,Trp - Terminales 1-2-3,2025-09-17T17:35:48.545088,,,Arribado,,TRHU-737958-0,,28600,,
173.0,18/09,257214500,Hdv Leather S.R.L.,Huxley Sa,2025-09-17T13:50:46.948105,,,Arribado,,TGHU-672805-3,*************,28600,,
178.0,19/09,259288341,Maringa Maderas Sa,Huxley Sa,2025-09-17T18:05:45.656797,,,Arribado,,MSKU-957334-9,***************,28600,,
211.0,23/09,93197163,Chemotecnica Sa,Huxley Sa,2025-09-22T20:35:36.693766,,,Arribado,,TGHU-520978-9,********************,,,
174.0,19/09,COSU6430427900,Pelama Chubut S.A.,Trp - Terminales 1-2-3,2025-09-17T13:50:47.029852,,,Arribado,,OOCU-487959-0,**************,,,
198.0,22/09,38413602,Edelweiss Spedition Srl,Huxley Sa,2025-09-19T20:20:46.98128,,,Arribado,,,,,,
179.0,22/09,259288369,Maringa Maderas Sa,Huxley Sa,2025-09-17T18:05:45.750139,,,Arribado,,TEMU-812322-3,**************,28600,,
184.0,19/09,340500034558,Norfor Sa,Trp - Terminales 1-2-3,2025-09-17T20:05:49.729046,,,Arribado,,TIIU-684474-4,*******************,28600,,
190.0,19/09,ZIMUBUE9043390,Mader Zu S.R.L.,Hiperbaires - Icb T.Sur,2025-09-18T19:05:47.641893,,,Arribado,,ZCSU-791387-1,*****************,,,
205.0,22/09,COSU6430265970,Pelama Chubut S.A.,Gamma Mujica,2025-09-22T15:05:44.545089,,,Arribado,,OOCU-699585-5,********************,,,
206.0,22/09,COSU6430265970,Pelama Chubut S.A.,Gamma Mujica,2025-09-22T15:05:44.652159,,,Arribado,,CSNU-848120-0,********************,,,
186.0,19/09,13858874,Borax Argentina S A,Hiperbaires - Icb T.Sur,2025-09-17T20:50:47.089499,,,Arribado,,SEGU-270225-8,************,FC 12644,,
193.0,22/09,EBKG14245274,Hdv Leather S.R.L.,Medlog Sarandi,2025-09-19T18:05:45.697465,,,Arribado,,MSDU-570310-9,FX32917497,,,
189.0,19/09,90271038,Mercovan Argentina S.A.,Huxley Sa,2025-09-18T19:05:47.548786,,,Arribado,,GESU-113715-8,***********,,,
140.0,15/09,BUE500161000,Minera Santa Rita Srl,Container International Servic,2025-09-12T18:35:38.285903,,,Arribado,,PCIU-463868-9,***************,FACT 14-466,,
152.0,16/09,258894129,Lift Van Int. Co S.A,Gamma Libertador,2025-09-15T17:05:44.267146,,,Arribado,,MRKU-100303-4,***************,Armando Lopez Rocha,,
171.0,17/09,BUEF11054400,Pelama Chubut S.A.,Trp - Terminales 1-2-3,2025-09-16T17:20:45.165581,,,Arribado,,CXDU-108444-0,******************,,,
194.0,22/09,EBKG14245274,Hdv Leather S.R.L.,Medlog Sarandi,2025-09-19T18:05:45.789633,,,Arribado,,MEDU-747459-7,FX32917476,,,
177.0,18/09,BUEF11036400,Hdv Leather S.R.L.,Defibe,2025-09-17T17:50:45.514906,,,Arribado,,ONEU-581269-9,*****************,28600,,
195.0,22/09,EBKG14245274,Hdv Leather S.R.L.,Medlog Sarandi,2025-09-19T18:05:45.897178,,,Arribado,,MSDU-570310-9,FX32917497,,,
183.0,19/09,340500034558,Norfor Sa,Trp - Terminales 1-2-3,2025-09-17T20:05:49.547299,,,Arribado,,TIIU-684474-4,*******************,28600,,
113.0,11/09,26453128,Championx Argentina Srl,Exolgan,2025-09-11T13:20:36.841555,,,Arribado,,HLXU-108289-6,*************,,,
180.0,19/09,64179524,Hector Reboratti,Huxley Sa,2025-09-17T18:20:47.887751,,,Arribado,,FANU-117537-6,**************,28600,,
170.0,17/09,BUEF11039700,Hdv Leather S.R.L.,Trp - Terminales 1-2-3,2025-09-16T17:20:45.078967,,,Arribado,,ONEU-110007-9,***************,,,
181.0,19/09,64179524,Hector Reboratti,Huxley Sa,2025-09-17T18:20:47.996363,,,Arribado,,TCLU-953831-4,**************,28600,,
185.0,19/09,340500034558,Norfor Sa,Trp - Terminales 1-2-3,2025-09-17T20:05:49.815958,,,Arribado,,TIIU-684474-4,*******************,28600,,
200.0,22/09,12523053,Alimentaria Sa,Huxley Sa,2025-09-22T13:35:44.605956,,,Arribado,,HLBU-124174-8,********************,,,
134.0,15/09,EBKG14145517,Borax Argentina S A,Medlog Sarandi,2025-09-12T17:50:37.652337,,,Arribado,,MEDU-522472-6,FX32919002,Fact 12619,,
196.0,22/09,EBKG14245274,Hdv Leather S.R.L.,Medlog Sarandi,2025-09-19T18:05:45.994443,,,Arribado,,MEDU-747459-7,FX32917476,,,
191.0,22/09,258647923,Lawter Argentina S.A.,Huxley Sa,2025-09-18T19:20:46.730737,,,Arribado,,MRKU-032206-3,***************,,,
207.0,23/09,SNG0478106,Capilatis S.A.,Terminal 7,2025-09-22T17:13:21.872435,,,Arribado,,ECMU-709386-7,R8691382,,,
197.0,25/09,48140095,Lift Van Int. Co S.A,Huxley Sa,2025-09-19T18:05:46.094967,,,Arribado,,FBIU-044562-7,*******************,Francisco Infante,,
219.0,24/09,153IAR0651850,Pallets Jauregui Sociedad Anon...,-,2025-09-23T15:05:36.358431,,,Arribado,,MSDU-717584-4,FX32916332,28600,,
218.0,24/09,153IAR0651850,Pallets Jauregui Sociedad Anon...,-,2025-09-23T15:05:36.261551,,,Arribado,,MSMU-693873-7,FX32916343,28600,,
230.0,26/09,ZIMUBUE9043483,Mader Zu S.R.L.,Hiperbaires - Icb T.Sur,2025-09-25T14:05:36.276838,,,Arribado,,TLLU-445350-5,********************,28600,,
261.0,01/10,258593432,Hdv Leather S.R.L.,Huxley Sa,2025-09-30T13:20:39.281685,,,Arribado,,TCKU-744775-3,******************,28600,,
231.0,26/09,ZIMUBUE9043483,Mader Zu S.R.L.,Hiperbaires - Icb T.Sur,2025-09-25T14:05:36.366303,,,Arribado,,ZCSU-729801-0,**************,28600,,
265.0,01/10,BUEF11772400,Henn Y Cia S.R.L.,Defibe,2025-09-30T20:50:38.491726,,,Arribado,,ONEU-123056-0,*****************,,,
256.0,30/09,48125240,Mader Zu S.R.L.,Huxley Sa,2025-09-29T14:20:39.704186,,,Arribado,,TRHU-475286-0,****************,,,
262.0,01/10,258593432,Hdv Leather S.R.L.,Huxley Sa,2025-09-30T13:20:39.379264,,,Arribado,,TCKU-744775-3,******************,28600,,
217.0,24/09,153IAR0651850,Pallets Jauregui Sociedad Anon...,-,2025-09-23T15:05:36.168219,,,Arribado,,MSDU-858141-0,FX32916280,28600,,
250.0,30/09,ZIMUBUE9043944,Lawter Argentina S.A.,Hiperbaires - Icb T.Sur,2025-09-26T21:50:40.40434,,,Arribado,,ZCSU-743827-8,*************,,,
248.0,30/09,ZIMUBUE9043944,Lawter Argentina S.A.,Hiperbaires - Icb T.Sur,2025-09-26T21:50:40.188813,,,Arribado,,DRYU-956636-8,************,,,
222.0,24/09,340500037743,Curtiembre Infante Sa,Gamma Mujica,2025-09-23T19:05:37.43046,,,Arribado,,EGSU-959425-5,**********,28600,,
251.0,30/09,ZIMUBUE9043944,Lawter Argentina S.A.,Hiperbaires - Icb T.Sur,2025-09-26T21:50:40.491586,,,Arribado,,DRYU-956636-8,************,,,
252.0,30/09,ZIMUBUE9043944,Lawter Argentina S.A.,Hiperbaires - Icb T.Sur,2025-09-26T21:50:40.582423,,,Arribado,,ZCSU-659186-8,*******************,,,
244.0,29/09,EBKG14323877,Hdv Leather S.R.L.,Gamma Libertador,2025-09-26T15:20:40.487619,,,Arribado,,MSDU-633038-1,FX32915268,,,
266.0,01/10,BUEF11772400,Henn Y Cia S.R.L.,Defibe,2025-09-30T20:50:38.601912,,,Arribado,,TGBU-980337-5,****************,,,
253.0,01/10,260048744,Borax Argentina S A,Huxley Sa,2025-09-29T11:35:40.359257,,,10:08 Arribado,,SUDU-790810-7,********************,,,
242.0,15/09,EBKGQ00122A4,Lift Van Int. Co S.A,-,2025-09-26T13:50:41.020272,,,,,,,,,
220.0,24/09,29756636,Lasfor Srl,Huxley Sa,2025-09-23T15:35:37.970922,,,Arribado,,CAIU-483056-4,**********,,,
240.0,26/09,EBKG14203751,Henn Y Cia S.R.L.,Exolgan,2025-09-25T20:35:40.406188,,,Arribado,,CORU-207008-8,FX32913791,,,
227.0,29/09,BUA0350782,Carpal Sa,Hiperbaires - Icb T.Sur,2025-09-24T16:20:37.569535,,,Arribado,,CMAU-843202-6,R8687975,,,
241.0,26/09,EBKG14203751,Henn Y Cia S.R.L.,Exolgan,2025-09-25T20:35:40.508113,,,Arribado,,MSDU-224002-1,FX32913801,,,
258.0,30/09,BUA0351514,Isischu Srl,Terminal 7,2025-09-29T18:35:42.076344,,,Arribado,,TCNU-238329-1,R8691432,,,
236.0,26/09,BUA0351224,Sandrin Paola Karina,Hiperbaires - Icb T.Sur,2025-09-25T19:50:43.868645,,,Arribado,,,,,,
233.0,26/09,12888856,Mader Zu S.R.L.,Hiperbaires - Icb T.Sur,2025-09-25T14:20:35.20897,,,Arribado,,CAIU-856980-2,*******************,28600,,
234.0,26/09,12888856,Mader Zu S.R.L.,Hiperbaires - Icb T.Sur,2025-09-25T14:20:35.310341,,,Arribado,,HLBU-198561-0,***************,28600,,
224.0,24/09,24422191,Pallets Jauregui Sociedad Anon...,Huxley Sa,2025-09-24T13:20:36.851782,,,Arribado,,,,,,
225.0,24/09,24422191,Pallets Jauregui Sociedad Anon...,Huxley Sa,2025-09-24T13:20:36.980067,,,Arribado,,,,,,
215.0,24/09,153IAR0651850,Pallets Jauregui Sociedad Anon...,-,2025-09-23T15:05:35.951851,,,Arribado,,MSMU-693873-7,FX32916343,28600,,
239.0,26/09,EBKG14203751,Henn Y Cia S.R.L.,Exolgan,2025-09-25T20:35:40.302292,,,Arribado,,TGBU-276654-1,FX32913960,,,
237.0,26/09,EBKG14203751,Henn Y Cia S.R.L.,Exolgan,2025-09-25T20:35:40.079216,,,Arribado,,CORU-207008-8,FX32913791,,,
226.0,24/09,259560878,Lift Van Int. Co S.A,Huxley Sa,2025-09-24T14:05:37.324089,,,Arribado,,MRKU-060235-7,***********,Gerardo Jimenez,,
247.0,30/09,ZIMUBUE9043768,Aniceto Gomez Sa,Hiperbaires - Icb T.Sur,2025-09-26T20:35:38.495889,,,Arribado,,TEMU-668146-3,******************,,,
229.0,30/09,BUA0351211,Lift Van Int. Co S.A,Terminal 7,2025-09-25T13:50:35.418932,,,Arribado,,APZU-376616-0,R8693541,MIGUEL FERNANDO CÃ“RDOVA CUBA,,
223.0,24/09,33889957,Mader Zu S.R.L.,Huxley Sa,2025-09-23T20:35:36.111378,,,Arribado,,TGBU-569781-9,********************,28600,,
259.0,30/09,BUA0351514,Isischu Srl,Terminal 7,2025-09-29T18:35:42.201748,,,Arribado,,TCNU-238329-1,R8691432,,,
201.0,23/09,153IAR0652268,Litoral Citrus S A,Defibe,2025-09-22T13:50:44.78503,,,Arribado,,TRHU-242290-9,FX32911757,,,
212.0,23/09,259005302,Lift Van Int. Co S.A,Huxley Sa,2025-09-22T21:05:37.487026,,,Arribado,,MRKU-436132-4,******************,mike jaska,,
260.0,30/09,BUA0351514,Isischu Srl,Terminal 7,2025-09-29T18:35:42.30057,,,Arribado,,TCNU-238329-1,R8691432,,,
257.0,30/09,EBKG0013790,Lift Van Int. Co S.A,Murchinson,2025-09-29T18:05:40.777291,,,Arribado,,DFSU-273562-0,FX34202583,,,
267.0,01/10,BUEF11772400,Henn Y Cia S.R.L.,Defibe,2025-09-30T20:50:38.696043,,,Arribado,,ONEU-123056-0,*****************,,,
235.0,26/09,23301907,Mercovan Argentina S.A.,Huxley Sa,2025-09-25T18:05:41.186491,,,Arribado,,FANU-134261-6,********************,"Colon, Edwin",,
255.0,30/09,48125240,Mader Zu S.R.L.,Huxley Sa,2025-09-29T14:20:39.59863,,,Arribado,,HAMU-456321-8,****************,,,
228.0,29/09,BUA0350782,Carpal Sa,Hiperbaires - Icb T.Sur,2025-09-24T16:20:37.692709,,,Arribado,,CMAU-843202-6,R8687975,,,
243.0,29/09,EBKG14323877,Hdv Leather S.R.L.,Gamma Libertador,2025-09-26T15:20:40.38545,,,Arribado,,MSDU-633038-1,FX32915268,,,
268.0,01/10,BUEF11772400,Henn Y Cia S.R.L.,Defibe,2025-09-30T20:50:38.794147,,,Arribado,,TGBU-980337-5,****************,,,
249.0,30/09,ZIMUBUE9043944,Lawter Argentina S.A.,Hiperbaires - Icb T.Sur,2025-09-26T21:50:40.291904,,,Arribado,,ZCSU-659186-8,*******************,,,
221.0,24/09,340500037743,Curtiembre Infante Sa,Gamma Mujica,2025-09-23T19:05:37.319866,,,Arribado,,EGSU-143377-9,**************,28600,,
245.0,29/09,EBKG14323877,Hdv Leather S.R.L.,Gamma Libertador,2025-09-26T15:20:40.582103,,,Arribado,,MSDU-633038-1,FX32915268,,,
166.0,17/09,BUEF11038600,Hdv Leather S.R.L.,Trp - Terminales 1-2-3,2025-09-16T17:20:44.720166,,,Arribado,,ONEU-180488-5,******************,,,
254.0,01/10,260048744,Borax Argentina S A,Huxley Sa,2025-09-29T11:35:40.471616,,,10:12 Arribado,,TGHU-258241-7,*************,,,
264.0,02/10,260121555,Borax Argentina S A,Huxley Sa,2025-09-30T19:05:39.680511,,,Arribado,,GCXU-256167-8,*****************,FACT 12697,,
689.0,12/12,EBKG15066032,Mader Zu S.R.L.,Medlog Sarandi,2025-12-11T23:35:42.817812,,,Arribado,,MSMU-694908-0,FX-32962653,28600,,
277.0,02/10,340500038995,Mader Zu S.R.L.,Trp - Terminales 1-2-3,2025-10-01T15:50:40.220927,,,Arribado,,EMCU-998296-6,*************,28600,,
311.0,07/10,260316179,A La Orden,Huxley Sa,2025-10-06T15:20:39.033727,,,Arribado,,TCLU-614988-0,*************,,,
313.0,07/10,EBKG14423721,Mader Zu S.R.L.,Medlog Sarandi,2025-10-06T17:20:38.785656,,,Arribado,,MSDU-773296-0,FX32919794,,,
315.0,08/10,260330701,Borax Argentina S A,Gamma Bactssa - Asas One -,2025-10-06T21:05:40.794707,,,Arribado,,HASU-113909-1,*****************,,,
316.0,08/10,260330701,Borax Argentina S A,Gamma Bactssa - Asas One -,2025-10-06T21:05:40.892693,,,Arribado,,MRKU-806049-0,***************,,,
317.0,08/10,260330701,Borax Argentina S A,-,2025-10-06T21:05:40.984123,,,Arribado,,MSKU-526657-6,*************,,,
289.0,06/10,BUA0652019,Suabia Maderas Srl,Hiperbaires - Icb T.Sur,2025-10-02T13:50:40.073357,,,,,,,,,
300.0,06/10,57319039,Mercovan Argentina S.A.,Exolgan,2025-10-03T19:50:39.682579,,,Arribado,,TCKU-472029-4,***********,"CARDENAS, JULIO CESAR",,
314.0,15/10,93298549,Lift Van Int. Co S.A,-,2025-10-06T19:50:40.144005,,,Arribado,,,,,,
285.0,02/10,EBKG14395697,Sandrin Paola Karina,Medlog Sarandi,2025-10-01T20:50:36.97693,,,Arribado,,GAOU-753704-0,FX32918779,,,
318.0,07/10,EBKG14203786,Henn Y Cia S.R.L.,Exolgan,2025-10-06T21:20:39.342477,,,Arribado,,MSDU-133390-0,FX32918405,,,
210.0,24/09,10387648,Lift Van Int. Co S.A,Huxley Sa,2025-09-22T19:50:38.993431,,,Arribado,,SEGU-171558-5,HLD0436061,Ernest Te,,
312.0,07/10,EBKG14423721,Mader Zu S.R.L.,Medlog Sarandi,2025-10-06T17:20:38.677615,,,Arribado,,MSDU-773296-0,FX32919794,,,
278.0,02/10,259498791,Hilado Sa,Huxley Sa,2025-10-01T18:20:39.212888,,,Arribado,,MSKU-157154-5,*****************,28600,,
246.0,29/09,EBKG14323877,Hdv Leather S.R.L.,Gamma Libertador,2025-09-26T15:20:40.710078,,,Arribado,,MSDU-633038-1,FX32915268,,,
279.0,02/10,259498791,Hilado Sa,Huxley Sa,2025-10-01T18:20:39.303189,,,Arribado,,MSKU-892269-9,**************,28600,,
299.0,06/10,EBKG14203706,Henn Y Cia S.R.L.,Exolgan,2025-10-03T19:35:41.434255,,,Arribado,,TGHU-081524-8,FX32918923,,,
321.0,07/10,EBKG14203786,Henn Y Cia S.R.L.,Exolgan,2025-10-06T21:20:39.612842,,,Arribado,,MSDU-133390-0,FX32918405,,,
302.0,06/10,BUA0351591,Mercovan Argentina S.A.,Terminal 7,2025-10-03T20:35:39.179913,,,Arribado,,,,,,
280.0,02/10,259498791,Hilado Sa,Huxley Sa,2025-10-01T18:20:39.38908,,,Arribado,,MSKU-157154-5,*****************,28600,,
303.0,06/10,70051159,Mercovan Argentina S.A.,Exolgan,2025-10-03T20:50:40.885925,,,Arribado,,CAIU-684468-0,***********,Adrian AMARO,,
271.0,02/10,BUA0351286,Alimentaria Sa,Hiperbaires - Icb T.Sur,2025-10-01T15:35:42.053467,,,Arribado,,TCLU-648273-6,R8688058,28600,,
309.0,07/10,340500038502,Norfor Sa,Gamma Bactssa - Asas One -,2025-10-06T14:20:40.191271,,,Arribado,,EGSU-638381-3,********************,,,
273.0,02/10,BUA0351286,Alimentaria Sa,Hiperbaires - Icb T.Sur,2025-10-01T15:35:42.236278,,,Arribado,,TCLU-648273-6,R8688058,28600,,
232.0,26/09,ZIMUBUE9043483,Mader Zu S.R.L.,Hiperbaires - Icb T.Sur,2025-09-25T14:05:36.448796,,,Arribado,,TLLU-445350-5,********************,28600,,
274.0,02/10,BUA0351286,Alimentaria Sa,Hiperbaires - Icb T.Sur,2025-10-01T15:35:42.414009,,,Arribado,,APHU-700106-8,R8688059,28600,,
310.0,07/10,340500038502,Norfor Sa,Gamma Bactssa - Asas One -,2025-10-06T14:20:40.310365,,,Arribado,,EGSU-638381-3,********************,,,
288.0,03/10,153IAR0652579,Pallets Jauregui Sociedad Anon...,Murchinson,2025-10-02T13:35:39.821874,,,Arribado,,GAOU-761732-0,FX32931955,28600.0,,
286.0,03/10,EBKG14411415,Taeda Sa,Medlog Sarandi,2025-10-02T13:20:39.037395,,,Arribado,,FFAU-568461-3,FX32916120,28600.0,,
275.0,02/10,340500038995,Mader Zu S.R.L.,Trp - Terminales 1-2-3,2025-10-01T15:50:40.024852,,,Arribado,,BSIU-950113-0,******************,28600,,
263.0,01/10,259657556,Mercovan Argentina S.A.,Huxley Sa,2025-09-30T14:50:40.921525,,,Arribado,,MSKU-740259-0,*******************,GARDNER MATTHEW EDWARD,,
276.0,02/10,340500038995,Mader Zu S.R.L.,Trp - Terminales 1-2-3,2025-10-01T15:50:40.117011,,,Arribado,,EGHU-982828-3,********************,28600,,
293.0,03/10,BUEF11484400,Pallets Nef De Raul E. Fernand...,Hiperbaires - Icb T.Sur,2025-10-02T19:35:39.350064,,,Arribado,,FFAU-141828-2,****************,28600.0,,
281.0,03/10,260174171,Don Satur Srl,Huxley Sa,2025-10-01T19:50:37.039295,,,Arribado,,MRKU-015713-8,********************,,,
294.0,03/10,BUEF11484400,Pallets Nef De Raul E. Fernand...,Hiperbaires - Icb T.Sur,2025-10-02T19:35:39.438907,,,Arribado,,FFAU-606073-5,***************,28600.0,,
287.0,03/10,153IAR0652579,Pallets Jauregui Sociedad Anon...,Murchinson,2025-10-02T13:35:39.726891,,,Arribado,,GAOU-761732-0,FX32931955,28600.0,,
272.0,02/10,BUA0351286,Alimentaria Sa,Hiperbaires - Icb T.Sur,2025-10-01T15:35:42.138583,,,Arribado,,APHU-700106-8,R8688059,28600,,
298.0,06/10,EBKG14203706,Henn Y Cia S.R.L.,Exolgan,2025-10-03T19:35:41.345077,,,Arribado,,MSNU-309670-5,FX32918864,,,
290.0,03/10,259874017,Hector Reboratti,Huxley Sa,2025-10-02T17:05:40.586063,,,Arribado,,MRSU-729959-0,************,28600.0,,
301.0,06/10,ZIMUBUE9044030,Alami Flejes De Precision Srl,Hiperbaires - Icb T.Sur,2025-10-03T20:05:40.839493,,,Arribado,,AXIU-847096-4,******************,,,
305.0,06/10,259173844,Alimentaria Sa,Gamma Bactssa - Asas One -,2025-10-06T13:20:38.474065,,,Arribado,,MRKU-873429-9,*************,,,
282.0,03/10,260174171,Don Satur Srl,Huxley Sa,2025-10-01T19:50:37.149654,,,Arribado,,MRKU-066388-2,********************,,,
306.0,06/10,259173844,Alimentaria Sa,Gamma Bactssa - Asas One -,2025-10-06T13:20:38.563364,,,Arribado,,MRKU-738896-7,********************,,,
295.0,06/10,EBKG14203706,Henn Y Cia S.R.L.,Exolgan,2025-10-03T19:35:41.072756,,,Arribado,,TGHU-081524-8,FX32918923,,,
307.0,06/10,259173844,Alimentaria Sa,Gamma Bactssa - Asas One -,2025-10-06T13:20:38.64609,,,Arribado,,MRKU-873429-9,*************,,,
308.0,06/10,259173844,Alimentaria Sa,Gamma Bactssa - Asas One -,2025-10-06T13:20:38.743568,,,Arribado,,MRKU-738896-7,********************,,,
296.0,06/10,EBKG14203706,Henn Y Cia S.R.L.,Exolgan,2025-10-03T19:35:41.167694,,,Arribado,,MSNU-309670-5,FX32918864,,,
297.0,06/10,EBKG14203706,Henn Y Cia S.R.L.,Exolgan,2025-10-03T19:35:41.252642,,,Arribado,,TGHU-081524-8,FX32918923,,,
291.0,03/10,259874017,Hector Reboratti,Huxley Sa,2025-10-02T17:05:40.72233,,,Arribado,,MSKU-863022-8,***********,28600.0,,
283.0,03/10,260174171,Don Satur Srl,Huxley Sa,2025-10-01T19:50:37.253982,,,Arribado,,MRKU-015713-8,********************,,,
319.0,07/10,EBKG14203786,Henn Y Cia S.R.L.,Exolgan,2025-10-06T21:20:39.435023,,,Arribado,,MSMU-167630-0,FX32918356,,,
690.0,12/12,EBKG15066032,Mader Zu S.R.L.,Medlog Sarandi,2025-12-11T23:35:42.919299,,,Arribado,,MSNU-569510-6,FX-32956789,28600,,
367.0,13/10,258776626,Henn Y Cia S.R.L.,Gamma Libertador,2025-10-13T17:20:40.594723,,,Arribado,,MRKU-640643-3,**********,,,
304.0,06/10,259173844,Alimentaria Sa,Gamma Bactssa - Asas One -,2025-10-06T13:20:38.378657,,,Arribado,,MRKU-738896-7,********************,,,
328.0,08/10,EBKG14449072,Hdv Leather S.R.L.,Medlog Sarandi,2025-10-07T18:35:40.789708,,,Arribado,,MSMU-725673-1,FX32915936,,,
348.0,14/10,340500041538,Minera Santa Rita Srl,Trp - Terminales 1-2-3,2025-10-09T18:35:40.161241,,,Arribado,,EGHU-318368-0,************,,,
345.0,14/10,340500041538,Minera Santa Rita Srl,Trp - Terminales 1-2-3,2025-10-09T18:35:39.844618,,,Arribado,,EGHU-318368-0,************,,,
346.0,14/10,340500041538,Minera Santa Rita Srl,Trp - Terminales 1-2-3,2025-10-09T18:35:39.936846,,,Arribado,,EGHU-318368-0,************,,,
368.0,14/10,ZIMUBUE9044129,Lawter Argentina S.A.,Hiperbaires - Icb T.Sur,2025-10-13T19:05:41.719432,,,Arribado,,ZCSU-662666-6,*************,,,
347.0,14/10,340500041538,Minera Santa Rita Srl,Trp - Terminales 1-2-3,2025-10-09T18:35:40.05291,,,Arribado,,EGHU-318368-0,************,,,
324.0,13/10,260330725,Borax Argentina S A,Huxley Sa,2025-10-07T18:05:39.726925,,,Arribado,,HASU-114667-6,*******************,,,
365.0,13/10,258776626,Henn Y Cia S.R.L.,Gamma Libertador,2025-10-13T17:20:40.388936,,,Arribado,,MRKU-640643-3,**********,,,
354.0,13/10,ZIMUBUE9044084,Suabia Maderas Srl,Hiperbaires - Icb T.Sur,2025-10-09T22:20:39.529957,,,Arribado,,TCNU-303911-0,******************,,,
325.0,13/10,260330725,Borax Argentina S A,Huxley Sa,2025-10-07T18:05:39.872797,,,Arribado,,HASU-114667-6,*******************,,,
339.0,13/10,260039607,Global Rover Logistic Srl,-,2025-10-08T19:05:41.965636,,,Arribado,,,,,,
331.0,09/10,BUA0351168,Geo Logistics Argentina S.R.L.,Terminal 7,2025-10-07T19:05:39.95923,,,Arribado,,APHU-641721-4,R8687563,,,
329.0,08/10,EBKG14449072,Hdv Leather S.R.L.,Medlog Sarandi,2025-10-07T18:35:40.884676,,,Arribado,,TCLU-491727-5,FX32915943,,,
340.0,13/10,260039607,Global Rover Logistic Srl,-,2025-10-08T19:05:42.065426,,,Arribado,,,,,,
322.0,08/10,BUA0351791,Helvecia S.A.,Terminal 7,2025-10-07T15:35:40.591528,,,Arribado,,CMAU-622286-4,R8687600,,,
341.0,13/10,260039607,Global Rover Logistic Srl,-,2025-10-08T19:05:42.165133,,,Arribado,,,,,,
336.0,09/10,340500041202,Hector Reboratti,Gamma Bactssa - Asas One -,2025-10-08T18:20:41.193642,,,Arribado,,CAAU-959227-6,****************,,,
334.0,09/10,340500040213,Norfor Sa,Gamma Bactssa - Asas One -,2025-10-08T17:20:38.449866,,,Arribado,,TCNU-627666-6,***************,,,
350.0,13/10,EBKG14423606,Chaguar Sociedad Anonima,Medlog Sarandi,2025-10-09T19:50:39.410083,,,Arribado,,FTAU-126365-5,FX32918724,,,
326.0,08/10,EBKG14449072,Hdv Leather S.R.L.,Medlog Sarandi,2025-10-07T18:35:40.590934,,,Arribado,,MSMU-725673-1,FX32915936,,,
327.0,08/10,EBKG14449072,Hdv Leather S.R.L.,Medlog Sarandi,2025-10-07T18:35:40.684009,,,Arribado,,TCLU-491727-5,FX32915943,,,
238.0,26/09,EBKG14203751,Henn Y Cia S.R.L.,Exolgan,2025-09-25T20:35:40.182584,,,Arribado,,MSDU-279320-1,FX32913841,,,
351.0,13/10,EBKG14423606,Chaguar Sociedad Anonima,Medlog Sarandi,2025-10-09T19:50:39.512126,,,Arribado,,MSDU-116614-6,FX32918725,,,
356.0,13/10,COSU6432293550,Pelama Chubut S.A.,-,2025-10-10T14:05:39.047385,,,Arribado,,,,,,
352.0,13/10,EBKG14423606,Chaguar Sociedad Anonima,Medlog Sarandi,2025-10-09T19:50:39.630701,,,Arribado,,FTAU-126365-5,FX32918724,,,
357.0,13/10,32726281,Lift Van Int. Co S.A,Huxley Sa,2025-10-13T12:20:39.930569,,,,,,,,,
342.0,13/10,ZIMUBUE9043877,Isischu Srl,Hiperbaires - Icb T.Sur,2025-10-09T17:50:39.193685,,,Arribado,,ZCSU-691289-1,********************,,,
360.0,14/10,259760381,Hilado Sa,Huxley Sa,2025-10-13T14:35:38.553486,,,Arribado,,MRKU-416786-0,**************,,,
343.0,13/10,ZIMUBUE9044079,Maringa Maderas Sa,Hiperbaires - Icb T.Sur,2025-10-09T18:05:40.932022,,,Arribado,,BSIU-954105-0,***************,,,
270.0,02/10,BUA0351286,Alimentaria Sa,Hiperbaires - Icb T.Sur,2025-10-01T15:35:41.878147,,,Arribado,,APHU-700106-8,R8688059,28600,,
338.0,13/10,260039607,Global Rover Logistic Srl,-,2025-10-08T19:05:41.863198,,,Arribado,,,,,,
353.0,13/10,EBKG14423606,Chaguar Sociedad Anonima,Medlog Sarandi,2025-10-09T19:50:39.727669,,,Arribado,,MSDU-116614-6,FX32918725,,,
344.0,13/10,BUA0352508,Lift Van Int. Co S.A,Hiperbaires - Icb T.Sur,2025-10-09T18:35:39.742441,,,Arribado,,CXDU-159960-9,R8682671,,,
332.0,08/10,259614937,Hdv Leather S.R.L.,Gamma Bactssa - Asas One -,2025-10-07T19:20:39.597814,,,Arribado,,TRHU-589362-5,********************,,,
333.0,08/10,259614937,Hdv Leather S.R.L.,Gamma Bactssa - Asas One -,2025-10-07T19:20:39.715503,,,Arribado,,TRHU-589362-5,********************,,,
330.0,08/10,LA0452728,Lift Van Int. Co S.A,Hiperbaires - Icb T.Sur,2025-10-07T18:50:39.770272,,,Arribado,,MEDU-573910-4,**********,,,
359.0,13/10,BUEA96905200,Minera Santa Rita Srl,Gamma Mujica,2025-10-13T12:20:40.169336,,,Arribado,,GAOU-605252-7,********************,FC 14-468,,
269.0,01/10,ZIMUBUE9043780,Mafralac Alimenticia Srl,Hiperbaires - Icb T.Sur,2025-10-01T13:05:40.157029,,,Arribado,,JXLU-783028-9,******************,,,
361.0,14/10,259760381,Hilado Sa,Huxley Sa,2025-10-13T14:35:38.674754,,,Arribado,,MSKU-977969-0,*************,,,
362.0,14/10,259760381,Hilado Sa,Huxley Sa,2025-10-13T14:35:38.775346,,,Arribado,,MRKU-416786-0,**************,,,
363.0,14/10,259760381,Hilado Sa,Huxley Sa,2025-10-13T14:35:38.867398,,,Arribado,,MSKU-977969-0,*************,,,
355.0,13/10,COSU6431725820,Pelama Chubut S.A.,Gamma Mujica,2025-10-10T14:05:38.887442,,,Arribado,,CSNU-740411-2,****************,,,
335.0,09/10,340500040213,Norfor Sa,Gamma Bactssa - Asas One -,2025-10-08T17:20:38.551771,,,Arribado,,TCNU-627666-6,***************,,,
371.0,14/10,ZIMUBUE9044221,Chaguar Sociedad Anonima,Hiperbaires - Icb T.Sur,2025-10-13T19:50:39.934528,,,Arribado,,ZCSU-686029-4,***************,,,
323.0,13/10,260330725,Borax Argentina S A,Huxley Sa,2025-10-07T18:05:39.603447,,,Arribado,,HASU-114667-6,*******************,,,
370.0,14/10,COSU6432628590,Ronalb S.R.L.,Trp - Terminales 1-2-3,2025-10-13T19:35:39.895398,,,Arribado,,,,,,
364.0,13/10,258776626,Henn Y Cia S.R.L.,Gamma Libertador,2025-10-13T17:20:40.216395,,,Arribado,,TCNU-152902-0,*************,,,
320.0,07/10,EBKG14203786,Henn Y Cia S.R.L.,Exolgan,2025-10-06T21:20:39.519253,,,Arribado,,MEDU-677345-9,FX32918326,,,
284.0,02/10,18434285,Mercovan Argentina S.A.,Huxley Sa,2025-10-01T20:50:36.856052,,,Arribado,,BMOU-140430-7,**************,"DE MIRANDA REIS, JOSE",,
349.0,14/10,340500041538,Minera Santa Rita Srl,Trp - Terminales 1-2-3,2025-10-09T18:35:40.267292,,,Arribado,,EGHU-318368-0,************,,,
369.0,14/10,ZIMUBUE9044129,Lawter Argentina S.A.,Hiperbaires - Icb T.Sur,2025-10-13T19:05:41.824602,,,Arribado,,ZCSU-660329-6,******************,,,
366.0,13/10,258776626,Henn Y Cia S.R.L.,Gamma Libertador,2025-10-13T17:20:40.495376,,,Arribado,,TCNU-152902-0,*************,,,
400.0,21/10,20424133,Global Rover Logistic Srl,Exolgan,2025-10-20T13:05:41.58435,,,Arribado,,TEMU-105608-3,************,ZOLODA,,
388.0,20/10,BUA0352755,Helvecia S.A.,Terminal 7,2025-10-17T13:20:40.865523,,,Arribado,,FCIU-803315-0,R8694223,28600,,
410.0,21/10,BUEF11869400,Santa Anita Oil Sa,Hiperbaires - Icb T.Sur,2025-10-20T18:35:39.245983,,,Arribado,,TCNU-781442-6,********************,28600,,
411.0,21/10,BUEF11869400,Santa Anita Oil Sa,Hiperbaires - Icb T.Sur,2025-10-20T18:35:39.338226,,,Arribado,,TCNU-781442-6,********************,28600,,
378.0,15/10,EBKG14423612,Chaguar Sociedad Anonima,Medlog Sarandi,2025-10-14T17:50:39.399699,,,Arribado,,MEDU-546151-7,FX32918525,,,
380.0,16/10,EBKG14333906,Forestal Bosques Del Plata Sa,Medlog Sarandi,2025-10-15T14:20:40.403399,,,Arribado,,MSMU-554119-6,FX32922664,28600.0,,
412.0,21/10,93491205,Mader Zu S.R.L.,Huxley Sa,2025-10-20T19:20:39.714542,,,Arribado,,FSCU-716355-0,*************,28600,,
413.0,21/10,93491205,Mader Zu S.R.L.,Huxley Sa,2025-10-20T19:20:39.839285,,,Arribado,,HLBU-254647-0,****************,28600,,
414.0,21/10,93491205,Mader Zu S.R.L.,Huxley Sa,2025-10-20T19:20:39.94906,,,Arribado,,FSCU-716355-0,*************,28600,,
382.0,16/10,19429500,Chaguar Sociedad Anonima,Huxley Sa,2025-10-16T19:50:43.601959,,,Arribado,,HLBU-123482-0,***********,,,
373.0,14/10,259496488,Lift Van Int. Co S.A,Huxley Sa,2025-10-13T21:20:39.656936,,,Arribado,,CAAU-827265-8,****************,Luis Sainz Hernandez,,
415.0,21/10,93491205,Mader Zu S.R.L.,Huxley Sa,2025-10-20T19:20:40.063272,,,Arribado,,HLBU-254647-0,****************,28600,,
417.0,22/10,BUEF11997600,Lawter Argentina S.A.,Hiperbaires - Icb T.Sur,2025-10-21T18:05:39.742154,,,Arribado,,DFSU-119599-7,***************,,,
419.0,23/10,260688151,Forestal Guarani Sa,Huxley Sa,2025-10-22T13:05:50.002982,,,Arribado,,HASU-479601-6,*******************,,,
381.0,15/10,BUEA73809000,Curtiembre Infante Sa,Gamma Mujica,2025-10-15T14:50:41.337829,,,14:16 Arribado,,SEGU-604726-2,********************,,,
420.0,23/10,260688151,Forestal Guarani Sa,Huxley Sa,2025-10-22T13:05:50.122624,,,Arribado,,CAAU-917523-0,********************,,,
402.0,21/10,BUEF12410800,Santa Anita Oil Sa,Hiperbaires - Icb T.Sur,2025-10-20T18:20:39.270526,,,,,,,,,
403.0,21/10,BUEF12410800,Santa Anita Oil Sa,Hiperbaires - Icb T.Sur,2025-10-20T18:20:39.439191,,,,,,,,,
421.0,23/10,260688151,Forestal Guarani Sa,Huxley Sa,2025-10-22T13:05:50.220032,,,Arribado,,HASU-479601-6,*******************,,,
385.0,17/10,EBKG14536752,Chaguar Sociedad Anonima,Medlog Sarandi,2025-10-16T19:50:43.949512,,,Arribado,,GLDU-949232-4,FX32922562,,,
418.0,27/10,COSU6432621210,Pelama Chubut S.A.,Gamma Mujica,2025-10-21T18:05:39.841763,,,Arribado,,TCNU-827176-6,**************,,,
395.0,20/10,11886333,Alimentaria Sa,Exolgan,2025-10-17T15:20:41.11254,,,Arribado,,UACU-832198-2,************,28600,,
389.0,20/10,BUA0352755,Helvecia S.A.,Terminal 7,2025-10-17T13:20:40.975407,,,Arribado,,TCNU-607097-3,R8694225,28600,,
391.0,20/10,340500036852,Henn Y Cia S.R.L.,Trp - Terminales 1-2-3,2025-10-17T14:50:40.266515,,,Arribado,,EGSU-147236-9,***************,28600,,
392.0,20/10,340500036852,Henn Y Cia S.R.L.,Trp - Terminales 1-2-3,2025-10-17T14:50:40.369577,,,Arribado,,EGSU-991341-3,*************,28600,,
393.0,20/10,340500036852,Henn Y Cia S.R.L.,Trp - Terminales 1-2-3,2025-10-17T14:50:40.463734,,,Arribado,,BEAU-502708-5,*******************,28600,,
374.0,15/10,260361275,Mader Zu S.R.L.,-,2025-10-14T16:50:40.669336,,,Arribado,,MRKU-381451-3,***************,28600.0,,
416.0,22/10,EBKGQ0014BFF,Lawter Argentina S.A.,Capitan Cortes,2025-10-21T13:50:39.595075,,,Arribado,,TEMU-207360-8,FX32913683,JosÃ© Manuel Frey-Martinez,,
394.0,20/10,340500036852,Henn Y Cia S.R.L.,Trp - Terminales 1-2-3,2025-10-17T14:50:40.561728,,,Arribado,,EGSU-147236-9,***************,28600,,
377.0,15/10,260465513,Mercopallet Srl,-,2025-10-14T16:50:40.954674,,,Arribado,,TCNU-326996-1,**************,28600.0,,
337.0,09/10,340500041202,Hector Reboratti,Gamma Bactssa - Asas One -,2025-10-08T18:20:41.284212,,,Arribado,,EITU-935613-0,**************,,,
408.0,21/10,BUEF11869400,Santa Anita Oil Sa,Hiperbaires - Icb T.Sur,2025-10-20T18:35:39.029132,,,Arribado,,TCNU-781442-6,********************,28600,,
358.0,13/10,BUEA96905200,Minera Santa Rita Srl,Gamma Mujica,2025-10-13T12:20:40.069591,,,Arribado,,GAOU-605252-7,********************,FC 14-468,,
398.0,20/10,340500041121,Maringa Maderas Sa,Trp - Terminales 1-2-3,2025-10-17T20:35:41.678337,,,Arribado,,TEMU-622177-1,********************,28600,,
401.0,21/10,68719902,Lift Van Int. Co S.A,Exolgan,2025-10-20T13:05:41.678241,,,Arribado,,UACU-851181-1,******************,MATTHEW,,
404.0,21/10,EBKG14305566,Chaguar Sociedad Anonima,Medlog Sarandi,2025-10-20T18:20:39.568519,,,Arribado,,MSMU-217945-8,FX32929635,,,
390.0,20/10,ZIMUBUE9044216,Pro Forestal S.R.L,Hiperbaires - Icb T.Sur,2025-10-17T13:35:39.652364,,,Arribado,,JXLU-638568-2,*******************,28600.0,,
387.0,17/10,EBKG14536752,Chaguar Sociedad Anonima,Medlog Sarandi,2025-10-16T19:50:44.148037,,,Arribado,,GLDU-949232-4,FX32922562,,,
372.0,14/10,259832181,Lift Van Int. Co S.A,Huxley Sa,2025-10-13T21:05:39.660774,,,Arribado,,MRKU-225456-4,*****************,MICHELLE LEE,,
396.0,20/10,11886333,Alimentaria Sa,Exolgan,2025-10-17T15:20:41.214584,,,Arribado,,UACU-852896-4,****************,28600,,
376.0,15/10,260465513,Mercopallet Srl,-,2025-10-14T16:50:40.861254,,,Arribado,,MSKU-086276-2,****************,28600.0,,
405.0,21/10,EBKG14305566,Chaguar Sociedad Anonima,Medlog Sarandi,2025-10-20T18:20:39.670494,,,Arribado,,MSNU-178052-9,FX32929636,,,
375.0,15/10,260465513,Mercopallet Srl,-,2025-10-14T16:50:40.768039,,,Arribado,,MSKU-086276-2,****************,28600.0,,
406.0,21/10,EBKG14305566,Chaguar Sociedad Anonima,Medlog Sarandi,2025-10-20T18:20:39.768733,,,Arribado,,BMOU-161086-4,FX32929639,,,
407.0,21/10,EBKG14305566,Chaguar Sociedad Anonima,Medlog Sarandi,2025-10-20T18:20:39.86621,,,Arribado,,MSDU-113994-2,FX32929638,,,
386.0,17/10,EBKG14536752,Chaguar Sociedad Anonima,Medlog Sarandi,2025-10-16T19:50:44.038798,,,Arribado,,GLDU-949232-4,FX32922562,,,
409.0,21/10,BUEF11869400,Santa Anita Oil Sa,Hiperbaires - Icb T.Sur,2025-10-20T18:35:39.139845,,,Arribado,,TCNU-781442-6,********************,28600,,
384.0,17/10,EBKG14423084,Litoral Citrus S A,Medlog Sarandi,2025-10-16T19:50:43.851235,,,Arribado,,CAIU-682571-5,FX32922561,,,
399.0,20/10,BUA0353261,Taeda Sa,Terminal 7,2025-10-17T20:35:41.772942,,,Arribado,,CZZU-890092-6,R8694230,28600,,
379.0,17/10,96536692,Pampa Logistica Internacional ...,Huxley Sa,2025-10-14T19:20:41.996365,,,Arribado,,BEAU-223378-1,****************,,,
448.0,24/10,BUE500194300,Curtiembre Infante Sa,Container International Servic,2025-10-23T17:50:40.358613,,,Arribado,,PCIU-934711-4,***********,,,
454.0,27/10,11538072,Capilatis S.A.,Huxley Sa,2025-10-24T20:20:46.193906,,,Arribado,,HLBU-316000-7,HLD 0436105,,,
449.0,24/10,BUE500194300,Curtiembre Infante Sa,Container International Servic,2025-10-23T17:50:40.448497,,,Arribado,,PCIU-934711-4,***********,,,
292.0,03/10,BUEF11484400,Pallets Nef De Raul E. Fernand...,Hiperbaires - Icb T.Sur,2025-10-02T19:35:39.256153,,,Arribado,,FFAU-141828-2,****************,28600.0,,
455.0,27/10,11538072,Capilatis S.A.,Huxley Sa,2025-10-24T20:20:46.333003,,,Arribado,,FANU-376694-8,HLD 0436104,,,
456.0,27/10,11538072,Capilatis S.A.,Huxley Sa,2025-10-24T20:20:46.442565,,,Arribado,,HLBU-316000-7,HLD 0436105,,,
457.0,27/10,30737255,J. Llorente Y CÃ­a. S.A.,Huxley Sa,2025-10-24T20:20:46.545798,,,Arribado,,TGBU-606328-0,********************,,,
465.0,28/10,12071088,Borax Argentina S A,Exolgan,2025-10-27T21:05:39.445233,,,Arribado,,TGHU-519608-5,********************,FC 12768,,
440.0,24/10,BUE500193900,Lawter Argentina S.A.,Container International Servic,2025-10-23T17:50:39.51285,,,Arribado,,PCIU-910880-3,***********,,,
459.0,27/10,EBKG14630540,Chaguar Sociedad Anonima,Medlog Sarandi,2025-10-24T20:20:46.786222,,,Arribado,,MSDU-153437-7,FX32929329,,,
460.0,27/10,EBKG14630540,Chaguar Sociedad Anonima,Medlog Sarandi,2025-10-24T20:20:46.890008,,,Arribado,,MSDU-290937-5,FX32929328,,,
461.0,27/10,EBKG14630540,Chaguar Sociedad Anonima,Medlog Sarandi,2025-10-24T20:20:46.982121,,,Arribado,,MSDU-153437-7,FX32929329,,,
450.0,24/10,340500037506,Hilado Sa,Trp - Terminales 1-2-3,2025-10-23T19:05:38.572829,,,Pendiente,,GAOU-626486-6,,,,
451.0,24/10,340500037506,Hilado Sa,Trp - Terminales 1-2-3,2025-10-23T19:05:38.680135,,,Pendiente,,TGBU-996566-9,,,,
452.0,24/10,340500037506,Hilado Sa,-,2025-10-23T19:05:38.777093,,,Pendiente,,TXGU-747171-5,,,,
453.0,24/10,340500037506,Hilado Sa,Trp - Terminales 1-2-3,2025-10-23T19:05:38.882551,,,Pendiente,,TXGU-747171-5,,,,
426.0,24/10,340500042305,Norfor Sa,Trp - Terminales 1-2-3,2025-10-22T17:50:39.110098,,,Arribado,,EGSU-984451-8,*************,28600,,
383.0,16/10,19429500,Chaguar Sociedad Anonima,Huxley Sa,2025-10-16T19:50:43.724762,,,Arribado,,TEMU-546549-6,*************,,,
429.0,24/10,340500042305,Norfor Sa,Trp - Terminales 1-2-3,2025-10-22T17:50:39.40497,,,Arribado,,TRHU-575912-8,**************,28600,,
427.0,24/10,340500042305,Norfor Sa,Trp - Terminales 1-2-3,2025-10-22T17:50:39.201242,,,Arribado,,EITU-177700-4,*******************,28600,,
462.0,27/10,ZIMUBUE9044254,Maringa Maderas Sa,Hiperbaires - Icb T.Sur,2025-10-24T20:20:47.102048,,,Arribado,,BEAU-501380-0,********************,,,
470.0,28/10,153IAR0652999,Lawter Argentina S.A.,Medlog Sarandi,2025-10-28T12:50:38.77648,,,Arribado,,MSDU-461899-6,FX32929298,,,
468.0,28/10,153IAR0652999,Lawter Argentina S.A.,Medlog Sarandi,2025-10-28T12:50:38.552779,,,Arribado,,MSDU-461985-8,FX32929261,,,
469.0,28/10,153IAR0652999,Lawter Argentina S.A.,Medlog Sarandi,2025-10-28T12:50:38.659038,,,Arribado,,MSDU-405733-9,FX32929263,,,
445.0,24/10,BUE500193900,Lawter Argentina S.A.,Container International Servic,2025-10-23T17:50:40.054577,,,Arribado,,UETU-709845-7,***********,,,
467.0,28/10,153IAR0652999,Lawter Argentina S.A.,Medlog Sarandi,2025-10-28T12:50:38.443867,,,Arribado,,MSDU-405733-9,FX32929263,,,
430.0,22/10,51158627,Termoplasticos Del Sur Sa,Huxley Sa,2025-10-22T20:20:39.69649,,,Arribado,,HLBU-383898-5,******************,,,
464.0,28/10,260842512,Isischu Srl,Huxley Sa,2025-10-27T18:35:39.436313,,,Arribado,,MRSU-792538-0,********************,28600,,
432.0,24/10,17065374,Mercovan Argentina S.A.,Exolgan,2025-10-23T15:50:39.099305,,,Arribado,,TCKU-227735-6,****************,COLON,,
425.0,24/10,340500042305,Norfor Sa,Trp - Terminales 1-2-3,2025-10-22T17:50:39.010313,,,Arribado,,EGHU-927093-0,********************,28600,,
473.0,29/10,BUA0353156,Agrotres S.A,Terminal 7,2025-10-28T14:05:41.135856,,,Arribado,,TCKU-761107-0,R8689103,28600,,
466.0,28/10,12071088,Borax Argentina S A,Exolgan,2025-10-27T21:05:39.595093,,,Arribado,,TGHU-519608-5,********************,FC 12768,,
431.0,24/10,11418090,Mader Zu S.R.L.,Huxley Sa,2025-10-23T14:05:38.034699,,,Arribado,,HLBU-206509-4,****************,28600,,
441.0,24/10,BUE500193900,Lawter Argentina S.A.,Container International Servic,2025-10-23T17:50:39.618781,,,Arribado,,PIDU-440798-0,*************,,,
463.0,28/10,340500044383,Hector Reboratti,Trp - Terminales 1-2-3,2025-10-27T18:20:42.281888,,,Arribado,,EGHU-955759-8,******************,28600,,
472.0,29/10,340500044201,Helvecia S.A.,Trp - Terminales 1-2-3,2025-10-28T14:05:40.999319,,,Arribado,,OCGU-802869-1,********************,28600,,
471.0,29/10,340500044201,Helvecia S.A.,Trp - Terminales 1-2-3,2025-10-28T14:05:40.883487,,,Arribado,,OCGU-802869-1,********************,28600,,
437.0,23/10,BUA0353155,Borax Argentina S A,Terminal 7,2025-10-23T17:20:40.572819,,,Arribado,,TCNU-527558-3,R8694254,28600,,
438.0,23/10,BUA0353155,Borax Argentina S A,Terminal 7,2025-10-23T17:20:40.658496,,,Arribado,,TCNU-527558-3,R8694254,28600,,
439.0,23/10,BUA0353155,Borax Argentina S A,Terminal 7,2025-10-23T17:20:40.748713,,,Arribado,,TCNU-527558-3,R8694254,28600,,
422.0,23/10,260688151,Forestal Guarani Sa,Huxley Sa,2025-10-22T13:05:50.327921,,,Arribado,,MRKU-255659-0,********************,,,
433.0,23/10,BUA0353155,Borax Argentina S A,Terminal 7,2025-10-23T17:20:40.161536,,,Arribado,,TCNU-527558-3,R8694254,28600,,
397.0,20/10,340500041121,Maringa Maderas Sa,Trp - Terminales 1-2-3,2025-10-17T20:35:41.54143,,,Arribado,,TEMU-622177-1,********************,28600.0,,
435.0,23/10,BUA0353155,Borax Argentina S A,Terminal 7,2025-10-23T17:20:40.381876,,,Arribado,,TCNU-527558-3,R8694254,28600,,
434.0,23/10,BUA0353155,Borax Argentina S A,Terminal 7,2025-10-23T17:20:40.258948,,,Arribado,,TCNU-527558-3,R8694254,28600,,
436.0,23/10,BUA0353155,Borax Argentina S A,Terminal 7,2025-10-23T17:20:40.48512,,,Arribado,,TCNU-527558-3,R8694254,28600,,
442.0,24/10,BUE500193900,Lawter Argentina S.A.,Container International Servic,2025-10-23T17:50:39.726273,,,Arribado,,UETU-709845-7,***********,,,
443.0,24/10,BUE500193900,Lawter Argentina S.A.,Container International Servic,2025-10-23T17:50:39.834277,,,Arribado,,PCIU-910880-3,***********,,,
444.0,24/10,BUE500193900,Lawter Argentina S.A.,Container International Servic,2025-10-23T17:50:39.927741,,,Arribado,,PIDU-440798-0,*************,,,
423.0,23/10,EBKG14487166,Litoral Citrus S A,Murchinson,2025-10-22T17:20:40.634813,,,Arribado,,MSBU-321747-7,FX32913673,,,
458.0,27/10,EBKG14630540,Chaguar Sociedad Anonima,Medlog Sarandi,2025-10-24T20:20:46.650005,,,Arribado,,MSDU-290937-5,FX32929328,,,
424.0,23/10,EBKG14420085,Global Motion S.A.,Medlog Sarandi,2025-10-22T17:50:38.880726,,,Arribado,,CAIU-667906-1,FX32985783,,,
480.0,29/10,BUE500197000,Henn Y Cia S.R.L.,Container International Servic,2025-10-28T19:35:40.500791,,,Arribado,,PCIU-138864-7,********************,,,
486.0,30/10,EBKG14646524,Isischu Srl,Exolgan,2025-10-29T19:05:41.576275,,,Arribado,,MEDU-733782-4,FX32912854,,,
500.0,03/11,COSU6434342550,Mader Zu S.R.L.,Gamma Mujica,2025-10-31T18:05:48.011249,,,Arribado,,FSCU-883559-8,*****************,,,
508.0,04/11,EBKG14630569,Chaguar Sociedad Anonima,Medlog Sarandi,2025-11-03T13:20:40.441732,,,Arribado,,TEMU-005642-7,FX32926451,,,
501.0,03/11,COSU6434342550,Mader Zu S.R.L.,Gamma Mujica,2025-10-31T18:05:48.120446,,,Arribado,,FSCU-883559-8,*****************,,,
492.0,31/10,93245223,Mercovan Argentina S.A.,Huxley Sa,2025-10-30T19:20:41.039704,,,Arribado,,UACU-382791-5,********************,"Aberman, Zachary AUTO",,
497.0,03/11,BUE500198900,Hdv Leather S.R.L.,Bactssa - Terminal 5,2025-10-31T16:50:38.779931,,,Arribado,,TIIU-405422-6,****************,,,
498.0,03/11,BUE500198900,Hdv Leather S.R.L.,Bactssa - Terminal 5,2025-10-31T16:50:38.900994,,,Arribado,,UETU-598577-1,*****************,,,
499.0,03/11,BUE500198900,Hdv Leather S.R.L.,Bactssa - Terminal 5,2025-10-31T16:50:39.02326,,,Arribado,,CAIU-992317-1,*************,,,
488.0,31/10,340500036861,Henn Y Cia S.R.L.,Trp - Terminales 1-2-3,2025-10-30T19:20:40.559825,,,Arribado,,EGSU-936103-7,******************,28600,,
489.0,31/10,340500036861,Henn Y Cia S.R.L.,Trp - Terminales 1-2-3,2025-10-30T19:20:40.673696,,,Arribado,,TIIU-544996-1,******************,28600,,
490.0,31/10,340500036861,Henn Y Cia S.R.L.,Trp - Terminales 1-2-3,2025-10-30T19:20:40.790305,,,Arribado,,EGSU-936103-7,******************,28600,,
491.0,31/10,340500036861,Henn Y Cia S.R.L.,Trp - Terminales 1-2-3,2025-10-30T19:20:40.922969,,,Arribado,,TIIU-544996-1,******************,28600,,
474.0,29/10,EBKG14634401,Hdv Leather S.R.L.,Exolgan,2025-10-28T19:05:50.744941,,,Arribado,,MSBU-506106-4,FX32912983,,,
475.0,29/10,EBKG14634401,Hdv Leather S.R.L.,Exolgan,2025-10-28T19:05:50.905464,,,Arribado,,CAIU-712744-7,FX32912839,,,
476.0,29/10,EBKG14634401,Hdv Leather S.R.L.,Exolgan,2025-10-28T19:05:51.036005,,,Arribado,,MSBU-506106-4,FX32912983,,,
428.0,24/10,340500042305,Norfor Sa,Trp - Terminales 1-2-3,2025-10-22T17:50:39.298253,,,Arribado,,EMCU-849950-5,********************,28600,,
478.0,29/10,BUE500196900,Henn Y Cia S.R.L.,Container International Servic,2025-10-28T19:35:40.293387,,,Arribado,,PCIU-142609-5,********************,,,
510.0,03/11,21952925,Lift Van Int. Co S.A,Exolgan,2025-11-03T18:20:40.534077,,,Arribado,,HLXU-533772-1,************,VALENTE JUSTIN,,
484.0,30/10,260621163,Pallets Jauregui Sociedad Anon...,Huxley Sa,2025-10-29T19:05:41.315564,,,Arribado,,MRKU-629461-0,****************,,,
517.0,04/11,260029950,Henn Y Cia S.R.L.,Huxley Sa,2025-11-04T12:20:40.880969,,,Arribado,,MRKU-804291-6,*****************,,,
502.0,04/11,56754433,Tipoiti Satic,Huxley Sa,2025-10-31T20:20:40.473245,,,Arribado,,HLBU-310403-0,*******************,,,
483.0,30/10,38535442,Mercovan Argentina S.A.,Huxley Sa,2025-10-29T18:50:39.605578,,,Arribado,,TEMU-218068-0,*******************,Gonzalo CERVERA MARTINEZ,,
487.0,30/10,93260005,Mercovan Argentina S.A.,Huxley Sa,2025-10-29T19:35:39.404615,,,Arribado,,HAMU-203145-3,*************,"Aberman, Zachary",,
485.0,30/10,260621163,Pallets Jauregui Sociedad Anon...,Huxley Sa,2025-10-29T19:05:41.445715,,,Arribado,,MRKU-629461-0,****************,,,
446.0,24/10,BUE500193900,Lawter Argentina S.A.,Container International Servic,2025-10-23T17:50:40.141797,,,Arribado,,PCIU-910880-3,***********,,,
509.0,04/11,EBKG14630569,Chaguar Sociedad Anonima,Medlog Sarandi,2025-11-03T13:20:40.547045,,,Arribado,,MSDU-115473-6,FX32926461,,,
513.0,04/11,260029950,Henn Y Cia S.R.L.,Huxley Sa,2025-11-04T12:20:40.406215,,,Arribado,,CAIU-628206-9,*****************,,,
503.0,04/11,56754433,Tipoiti Satic,Huxley Sa,2025-10-31T20:20:40.592856,,,Arribado,,HLXU-816618-1,********************,,,
504.0,04/11,56754433,Tipoiti Satic,Huxley Sa,2025-10-31T20:20:40.706722,,,Arribado,,HLBU-310403-0,*******************,,,
523.0,05/11,BUE500196800,Henn Y Cia S.R.L.,Container International Servic,2025-11-04T20:05:43.381724,,,Arribado,,GLDU-977322-9,********************,,,
515.0,04/11,260029950,Henn Y Cia S.R.L.,Huxley Sa,2025-11-04T12:20:40.628126,,,Arribado,,MRKU-909011-7,*********,,,
516.0,04/11,260029950,Henn Y Cia S.R.L.,Huxley Sa,2025-11-04T12:20:40.743499,,,Arribado,,CAIU-628206-9,*****************,,,
477.0,29/10,EBKG14634401,Hdv Leather S.R.L.,Exolgan,2025-10-28T19:05:51.160527,,,Arribado,,CAIU-712744-7,FX32912839,,,
518.0,05/11,COSU6435163910,Hdv Leather S.R.L.,Gamma Mujica,2025-11-04T15:35:40.359187,,,Arribado,,,,,,
482.0,29/10,BUE500200100,Borax Argentina S A,Container International Servic,2025-10-28T21:20:39.555201,,,Arribado,,PCIU-154852-0,**************,,,
479.0,29/10,BUE500196900,Henn Y Cia S.R.L.,Container International Servic,2025-10-28T19:35:40.403579,,,Arribado,,PCIU-142609-5,********************,,,
514.0,04/11,260029950,Henn Y Cia S.R.L.,Huxley Sa,2025-11-04T12:20:40.522176,,,Arribado,,MRKU-804291-6,*****************,,,
512.0,04/11,EBKG14634030,Almar Internacional Del Argent...,Medlog Sarandi,2025-11-03T18:35:38.521593,,,Arribado,,TCLU-214568-1,FX32926354,,,
524.0,06/11,EBKG14736772,Hdv Leather S.R.L.,Medlog Sarandi,2025-11-04T21:05:40.521438,,,Arribado,,,,,,
494.0,05/11,BUA0353203,Carpal Sa,Terminal 7,2025-10-30T20:35:38.409754,,,Arribado,,SEGU-537458-0,R8691200,28600,,
481.0,29/10,BUE500197000,Henn Y Cia S.R.L.,Container International Servic,2025-10-28T19:35:40.610903,,,Arribado,,PCIU-284643-0,*******************,,,
505.0,04/11,EBKG14630569,Chaguar Sociedad Anonima,Medlog Sarandi,2025-11-03T13:20:40.112661,,,Arribado,,MSDU-115473-6,FX32926461,,,
506.0,04/11,EBKG14630569,Chaguar Sociedad Anonima,Medlog Sarandi,2025-11-03T13:20:40.235884,,,Arribado,,TEMU-005642-7,FX32926451,,,
519.0,05/11,COSU6435163910,Hdv Leather S.R.L.,Gamma Mujica,2025-11-04T15:35:40.452134,,,Arribado,,,,,,
447.0,24/10,BUE500193900,Lawter Argentina S.A.,Container International Servic,2025-10-23T17:50:40.232748,,,Arribado,,PIDU-440798-0,*************,,,
525.0,06/11,EBKG14736772,Hdv Leather S.R.L.,Medlog Sarandi,2025-11-04T21:05:40.625556,,,Arribado,,,,,,
520.0,05/11,40954148,Lift Van Int. Co S.A,Exolgan,2025-11-04T17:05:41.376105,,,Arribado,,HLBU-113831-8,*******************,Oscar Michel Contreras Puerto,,
507.0,04/11,EBKG14630569,Chaguar Sociedad Anonima,Medlog Sarandi,2025-11-03T13:20:40.33774,,,Arribado,,MSDU-115473-6,FX32926461,,,
511.0,04/11,EBKG14634030,Almar Internacional Del Argent...,Medlog Sarandi,2025-11-03T18:35:38.41292,,,Arribado,,TCLU-214568-1,FX32926354,,,
496.0,03/11,BUE500198900,Hdv Leather S.R.L.,Bactssa - Terminal 5,2025-10-31T16:50:38.658528,,,Arribado,,CAIU-992317-1,*************,,,
495.0,05/11,BUA0353203,Carpal Sa,Terminal 7,2025-10-30T20:35:38.526732,,,Arribado,,SEKU-450938-7,R8691191,28600,,
586.0,27/11,34773963,Henn Y Cia S.R.L.,Huxley Sa,2025-12-02T03:06:08.554868,,,Arribado,,,,,,
535.0,07/11,EBKG14752501,Figo Srl S. R. L.,Medlog Sarandi,2025-11-06T13:35:37.746662,,,Arribado,,AXIU-847493-3,FX32928758,,,
541.0,10/11,BUE500197400,Henn Y Cia S.R.L.,Container International Servic,2025-11-07T17:50:40.477304,,,Arribado,,PCIU-103867-5,*******************,,,
542.0,10/11,BUE500197400,Henn Y Cia S.R.L.,Container International Servic,2025-11-07T17:50:40.624806,,,Arribado,,PCIU-140530-1,*****************,,,
543.0,10/11,BUE500197400,Henn Y Cia S.R.L.,Container International Servic,2025-11-07T17:50:40.733918,,,Arribado,,PCIU-180127-8,***************,,,
548.0,11/11,30844634,Borax Argentina S A,Huxley Sa,2025-11-07T20:20:43.403181,,,Arribado,,,,,,
566.0,10/11,29796699,Mader Zu S.R.L.,Huxley Sa,2025-11-10T13:50:40.638369,,,Arribado,,FANU-140124-1,***************,28600,,
538.0,07/11,EBKG14752501,Figo Srl S. R. L.,Medlog Sarandi,2025-11-06T13:35:38.159263,,,Arribado,,MSDU-138663-9,FX32928757,,,
567.0,10/11,29796699,Mader Zu S.R.L.,Huxley Sa,2025-11-10T13:50:40.742609,,,Arribado,,HLBU-284479-3,*************,28600,,
568.0,10/11,29796699,Mader Zu S.R.L.,Huxley Sa,2025-11-10T13:50:40.853186,,,Arribado,,FANU-140124-1,***************,28600,,
569.0,10/11,29796699,Mader Zu S.R.L.,Huxley Sa,2025-11-10T13:50:40.959668,,,Arribado,,HLBU-284479-3,,28600,,
539.0,07/11,EBKG14752501,Figo Srl S. R. L.,Medlog Sarandi,2025-11-06T13:35:38.26629,,,Arribado,,MSNU-227281-5,FX32928759,,,
534.0,07/11,261130324,Aserradero San Alberto Srl,Huxley Sa,2025-11-06T13:20:40.898093,,,Arribado,,MRKU-630890-4,*****************,28600,,
526.0,06/11,153IAR0653312,Global Rover Logistic Srl,Medlog Sarandi,2025-11-05T17:20:40.546915,,,Arribado,,,,,,
527.0,06/11,EBKG14697468,Litoral Citrus S A,Medlog Sarandi,2025-11-05T17:35:38.269978,,,Arribado,,,,,,
528.0,06/11,261546727,Hector Reboratti,Huxley Sa,2025-11-05T18:05:41.291798,,,Arribado,,,,,,
493.0,03/11,90644776,Lift Van Int. Co S.A,Huxley Sa,2025-10-30T20:35:38.300404,,,Arribado,,TEMU-130191-4,*****************,Romina Belen Juarez Amadini,,
544.0,10/11,34199316,Mercovan Argentina S.A.,Huxley Sa,2025-11-07T20:05:40.476852,,,Arribado,,BEAU-215886-2,******************,Javier RIELO,,
571.0,10/11,EBKG14601567,Pallets Jauregui Sociedad Anon...,Murchinson,2025-11-10T17:20:42.432393,,,17:58 Arribado,,FFAU-553841-3,FX26303180,28600,,
572.0,01/12,BUE500227500,Curtiembre Infante Sa,Container International Servic,2025-12-02T03:06:07.105836,,,,,,,,,
529.0,06/11,261546727,Hector Reboratti,Huxley Sa,2025-11-05T18:05:41.390874,,,Arribado,,,,,,
549.0,11/11,30844634,Borax Argentina S A,Huxley Sa,2025-11-07T20:20:43.504068,,,Arribado,,,,,,
550.0,11/11,30844634,Borax Argentina S A,Huxley Sa,2025-11-07T20:20:43.604725,,,Arribado,,,,,,
552.0,11/11,30844634,Borax Argentina S A,Huxley Sa,2025-11-07T20:20:43.806185,,,Arribado,,,,,,
522.0,05/11,BUE500196800,Henn Y Cia S.R.L.,Container International Servic,2025-11-04T20:05:43.245857,,,Arribado,,GLDU-977322-9,********************,,,
540.0,10/11,ZIMUBUE9044185,Mafralac Alimenticia Srl,Hiperbaires - Icb T.Sur,2025-11-07T15:20:40.806588,,,Arribado,,ZCSU-704186-6,********************,,,
531.0,06/11,340500045720,Maringa Maderas Sa,Trp - Terminales 1-2-3,2025-11-05T20:50:40.829614,,,Arribado,,,,,,
532.0,06/11,340500045720,Maringa Maderas Sa,Trp - Terminales 1-2-3,2025-11-05T20:50:40.927046,,,Arribado,,,,,,
547.0,11/11,30844634,Borax Argentina S A,Huxley Sa,2025-11-07T20:20:43.311612,,,Arribado,,,,,,
533.0,06/11,340500045720,Maringa Maderas Sa,Trp - Terminales 1-2-3,2025-11-05T20:50:41.054196,,,Arribado,,,,,,
536.0,07/11,EBKG14752501,Figo Srl S. R. L.,Medlog Sarandi,2025-11-06T13:35:37.861011,,,Arribado,,MSDU-138663-9,FX32928757,,,
537.0,07/11,EBKG14752501,Figo Srl S. R. L.,Medlog Sarandi,2025-11-06T13:35:38.019455,,,Arribado,,AXIU-847493-3,FX32928758,,,
521.0,05/11,28478939,Henn Y Cia S.R.L.,Exolgan,2025-11-04T20:05:43.116829,,,Arribado,,HLBU-137569-1,*******************,,,
530.0,05/11,EBKG14724426,Gleba S A,Medlog Sarandi,2025-11-05T18:20:40.549292,,,Arribado,,MSNU-549220-1,FX32928908,,,
553.0,11/11,30844634,Borax Argentina S A,Huxley Sa,2025-11-07T20:20:43.910835,,,Arribado,,,,,,
554.0,11/11,30844634,Borax Argentina S A,Huxley Sa,2025-11-07T20:20:44.014422,,,Arribado,,,,,,
555.0,11/11,30844634,Borax Argentina S A,Huxley Sa,2025-11-07T20:20:44.111532,,,Arribado,,,,,,
556.0,11/11,30844634,Borax Argentina S A,Huxley Sa,2025-11-07T20:20:44.217881,,,Arribado,,,,,,
557.0,11/11,30844634,Borax Argentina S A,Huxley Sa,2025-11-07T20:20:44.337964,,,Arribado,,,,,,
558.0,11/11,30844634,Borax Argentina S A,Huxley Sa,2025-11-07T20:20:44.439669,,,Arribado,,,,,,
559.0,11/11,71939850,Tipoiti Satic,Huxley Sa,2025-11-10T13:20:42.125778,,,Arribado,,,,,,
560.0,11/11,71939850,Tipoiti Satic,Huxley Sa,2025-11-10T13:20:42.225062,,,Arribado,,,,,,
562.0,11/11,BUA0355066,Figo Srl S. R. L.,Hiperbaires - Icb T.Sur,2025-11-10T13:20:42.419584,,,Arribado,,,,,,
563.0,11/11,BUA0355066,Figo Srl S. R. L.,Hiperbaires - Icb T.Sur,2025-11-10T13:20:42.535149,,,Arribado,,,,,,
564.0,11/11,BUA0355066,Figo Srl S. R. L.,Hiperbaires - Icb T.Sur,2025-11-10T13:20:42.629334,,,Arribado,,,,,,
565.0,11/11,BUA0355066,Figo Srl S. R. L.,Hiperbaires - Icb T.Sur,2025-11-10T13:20:42.722618,,,Arribado,,,,,,
570.0,11/11,BUEF13243600,Cables Epuyen Srl,Hiperbaires - Icb T.Sur,2025-11-10T15:35:38.721672,,,Arribado,,,,,,
545.0,11/11,30844634,Borax Argentina S A,Huxley Sa,2025-11-07T20:20:43.073022,,,Arribado,,,,,,
583.0,02/12,EBKG15003435,Anan S.A.,Exolgan,2025-12-02T03:06:08.242601,,,Arribado,,-      -,,,,
588.0,03/12,22649896,Kluber Lubrication Argentina S...,Huxley Sa,2025-12-02T14:50:41.922019,,,Arribado,,,,,,
576.0,02/12,94365076,Maringa Maderas Sa,Huxley Sa,2025-12-02T03:06:07.51166,,,Arribado,,FSCU-841816-7,*************,,,
546.0,11/11,30844634,Borax Argentina S A,Huxley Sa,2025-11-07T20:20:43.193393,,,Arribado,,,,,,
579.0,02/12,BUEF13811700,Pallets Nef De Raul E. Fernand...,Hiperbaires - Icb T.Sur,2025-12-02T03:06:07.828971,,,Arribado,,TXGU-896052-0,********,,,
580.0,02/12,BUEF13811700,Pallets Nef De Raul E. Fernand...,Hiperbaires - Icb T.Sur,2025-12-02T03:06:07.930439,,,Arribado,,ONEU-113124-9,********************,,,
581.0,02/12,BUEF13811700,Pallets Nef De Raul E. Fernand...,Hiperbaires - Icb T.Sur,2025-12-02T03:06:08.025539,,,Arribado,,ONEU-136606-9,****************,,,
551.0,11/11,30844634,Borax Argentina S A,Huxley Sa,2025-11-07T20:20:43.706881,,,Arribado,,,,,,
575.0,02/12,20323444,Capilatis S.A.,Huxley Sa,2025-12-02T03:06:07.419521,,,Arribado,,FANU-161397-6,HLD0437271,,,
573.0,02/12,20323444,Capilatis S.A.,Huxley Sa,2025-12-02T03:06:07.211405,,,Arribado,,FANU-161397-6,HLD0437271,,,
591.0,03/12,BUA0356523,Pro Forestal S.R.L,Terminal 7,2025-12-02T18:05:49.909901,,,,,,,,,
593.0,09/12,BUA0356545,Suabia Maderas Srl,-,2025-12-03T18:05:49.590736,,,Arribado,,CMAU-544543-5,R8689569,,,
643.0,10/12,EBKG15100672,Chaguar Sociedad Anonima,Medlog Sarandi,2025-12-10T12:50:44.154651,,,Arribado,,MSNU-189073-7,FX32961299,,,
604.0,05/12,262042351,Henn Y Cia S.R.L.,-,2025-12-04T13:50:42.950476,,,Arribado,,,,,,
634.0,10/12,262400154,Forestal Guarani Sa,Huxley Sa,2025-12-10T12:50:43.296019,,,Arribado,,,,,,
561.0,11/11,BUA0355066,Figo Srl S. R. L.,Hiperbaires - Icb T.Sur,2025-11-10T13:20:42.321966,,,Arribado,,,,,,
640.0,10/12,31241894,Pallets Nef De Raul E. Fernand...,Huxley Sa,2025-12-10T12:50:43.886059,,,Arribado,,FCIU-735046-4,*************,28600,,
616.0,09/12,BUA0356179,Henn Y Cia S.R.L.,Terminal 7,2025-12-05T23:35:41.991002,,,Arribado,,,,,,
607.0,09/12,261603746,Hdv Leather S.R.L.,-,2025-12-05T13:35:46.76812,,,10:58 Arribado,,MRKU-618617-5,**************,,,
608.0,09/12,261603746,Hdv Leather S.R.L.,Gamma Libertador,2025-12-05T13:35:46.858045,,,11:06 Arribado,,MRKU-578990-8,*********,28600.0,,
609.0,09/12,261603746,Hdv Leather S.R.L.,-,2025-12-05T13:35:46.947676,,,10:58 Arribado,,MRKU-618617-5,**************,,,
617.0,09/12,BUA0356179,Henn Y Cia S.R.L.,Terminal 7,2025-12-05T23:35:42.089059,,,Arribado,,,,,,
618.0,09/12,BUA0356179,Henn Y Cia S.R.L.,Terminal 7,2025-12-05T23:35:42.179487,,,Arribado,,,,,,
619.0,09/12,BUA0356179,Henn Y Cia S.R.L.,Terminal 7,2025-12-05T23:35:42.271645,,,Arribado,,,,,,
621.0,10/12,13588186,Manufactura Los Andes S.A.,Exolgan,2025-12-10T12:50:42.083968,,,Arribado,,TCLU-284116-5,************,FACT 19-02,,
610.0,09/12,262197603,Asecor Srl,Gamma Libertador,2025-12-05T23:35:41.420455,,,Arribado,,,,,,
631.0,10/12,15109793,Pelama Chubut S.A.,Huxley Sa,2025-12-10T12:50:43.017126,,,Arribado,,HLBU-105473-1,***********,,,
612.0,09/12,28985448,Henn Y Cia S.R.L.,Gamma Libertador,2025-12-05T23:35:41.605013,,,Arribado,,HAMU-127753-0,,28600,,
626.0,10/12,13588186,Manufactura Los Andes S.A.,Exolgan,2025-12-10T12:50:42.539586,,,Arribado,,TCLU-284116-5,************,FACT 19-02,,
622.0,10/12,13588186,Manufactura Los Andes S.A.,Exolgan,2025-12-10T12:50:42.171242,,,Arribado,,TCLU-284116-5,************,FACT 19-02,,
624.0,10/12,13588186,Manufactura Los Andes S.A.,Exolgan,2025-12-10T12:50:42.355682,,,Arribado,,TCLU-284116-5,************,FACT 19-02,,
625.0,10/12,13588186,Manufactura Los Andes S.A.,Exolgan,2025-12-10T12:50:42.454932,,,Arribado,,TCLU-284116-5,************,FACT 19-02,,
594.0,09/12,BUA0356545,Suabia Maderas Srl,-,2025-12-03T18:05:49.688834,,,Arribado,,CMAU-544543-5,R8689569,,,
635.0,10/12,262728223,Lawter Argentina S.A.,Huxley Sa,2025-12-10T12:50:43.395257,,,Arribado,,MRSU-581860-8,,,,
614.0,09/12,28985448,Henn Y Cia S.R.L.,Gamma Libertador,2025-12-05T23:35:41.799723,,,Arribado,,HLXU-835398-4,,28600,,
602.0,05/12,BUA0356864,Delicia Maderas,Terminal 7,2025-12-03T19:05:43.117528,,,Arribado,,,,,,
603.0,05/12,BUA0356864,Delicia Maderas,Terminal 7,2025-12-03T19:05:43.216983,,,Arribado,,,,,,
589.0,03/12,340500051274,Hector Reboratti,Trp - Terminales 1-2-3,2025-12-02T18:05:49.653829,,,Arribado,,EGSU-169473-0,**************,,,
639.0,10/12,31241894,Pallets Nef De Raul E. Fernand...,Huxley Sa,2025-12-10T12:50:43.769677,,,Arribado,,HLBU-207717-7,***********,28600,,
597.0,09/12,BUA0356545,Suabia Maderas Srl,-,2025-12-03T18:05:50.041243,,,Arribado,,CMAU-544543-5,R8689569,,,
684.0,12/12,EBKG14899796,Pallets Jauregui Sociedad Anon...,Exolgan,2025-12-11T23:35:42.332636,,,Arribado,,MSDU-724304-4,,28600,,
590.0,03/12,340500051274,Hector Reboratti,Trp - Terminales 1-2-3,2025-12-02T18:05:49.778843,,,Arribado,,EGSU-991321-8,********************,,,
685.0,12/12,EBKG14899796,Pallets Jauregui Sociedad Anon...,Exolgan,2025-12-11T23:35:42.423533,,,Arribado,,MSMU-746810-8,,28600,,
683.0,12/12,EBKG14899796,Pallets Jauregui Sociedad Anon...,Exolgan,2025-12-11T23:35:42.239299,,,Arribado,,MEDU-753761-1,,28600,,
611.0,09/12,262197603,Asecor Srl,Gamma Libertador,2025-12-05T23:35:41.518718,,,Arribado,,,,,,
595.0,09/12,BUA0356545,Suabia Maderas Srl,-,2025-12-03T18:05:49.79716,,,Arribado,,CMAU-544543-5,R8689569,,,
628.0,10/12,14235675,Chaguar Sociedad Anonima,Hiperbaires - Icb T.Sur,2025-12-10T12:50:42.717676,,,Arribado,,DFSU-315096-5,*********,,,
600.0,04/12,BUE500229100,Henn Y Cia S.R.L.,Container International Servic,2025-12-03T19:05:42.937171,,,Arribado,,FFAU-752469-8,***************,,,
601.0,04/12,BUEF13612600,Aniceto Gomez Sa,Defibe,2025-12-03T19:05:43.02811,,,Arribado,,TGCU-519639-0,*******************,,,
592.0,05/12,EBKG15006334,Sandrin Paola Karina,-,2025-12-03T15:20:41.289346,,,Arribado,,,,,,
606.0,04/12,BUE500197300,Henn Y Cia S.R.L.,Container International Servic,2025-12-04T15:20:41.605658,,,Arribado,,PCIU-112232-2,**************,,,
585.0,02/12,ZIMUBUE9045617,Anan S.A.,Hiperbaires - Icb T.Sur,2025-12-02T03:06:08.453129,,,Arribado,,TCNU-424045-3,******,,,
584.0,02/12,ZIMUBUE9045617,Anan S.A.,Hiperbaires - Icb T.Sur,2025-12-02T03:06:08.35589,,,Arribado,,MSDU-146928-7,FX32956063,,,
637.0,10/12,30526774,Pelama Chubut S.A.,Huxley Sa,2025-12-10T12:50:43.580806,,,Arribado,,FBIU-046454-5,************,,,
605.0,04/12,BUE500197300,Henn Y Cia S.R.L.,Container International Servic,2025-12-04T15:20:41.508666,,,Arribado,,PCIU-112232-2,**************,,,
620.0,10/12,94341351,Inter American Cargo Group Sa,Huxley Sa,2025-12-10T12:20:41.345729,,,Arribado,,CAIU-859912-9,***********,,,
636.0,10/12,262838687,Borax Argentina S A,Huxley Sa,2025-12-10T12:50:43.483054,,,Arribado,,MRKU-034575-2,************,,,
630.0,10/12,14235675,Chaguar Sociedad Anonima,Hiperbaires - Icb T.Sur,2025-12-10T12:50:42.907793,,,Arribado,,DFSU-315096-5,*********,,,
615.0,09/12,BUA0356179,Henn Y Cia S.R.L.,Terminal 7,2025-12-05T23:35:41.892921,,,Arribado,,,,,,
638.0,10/12,31241894,Pallets Nef De Raul E. Fernand...,Huxley Sa,2025-12-10T12:50:43.674576,,,Arribado,,FCIU-735046-4,*************,28600,,
629.0,10/12,14235675,Chaguar Sociedad Anonima,Hiperbaires - Icb T.Sur,2025-12-10T12:50:42.810383,,,Arribado,,HLBU-387642-9,************,,,
627.0,10/12,13588186,Manufactura Los Andes S.A.,Exolgan,2025-12-10T12:50:42.628929,,,Arribado,,TCLU-284116-5,************,FACT 19-02,,
632.0,10/12,24324113,Anan S.A.,Huxley Sa,2025-12-10T12:50:43.112632,,,Arribado,,BMOU-277876-5,************,,,
645.0,10/12,LA0461221,Lift Van Int. Co S.A,Huxley Sa,2025-12-10T12:50:44.331805,,,Arribado,,,,,,
633.0,10/12,262400154,Forestal Guarani Sa,Huxley Sa,2025-12-10T12:50:43.208517,,,Arribado,,,,,,
642.0,10/12,EBKG15100672,Chaguar Sociedad Anonima,Medlog Sarandi,2025-12-10T12:50:44.071111,,,Arribado,,MSBU-207355-0,FX32961298,,,
598.0,04/12,BUE500229100,Henn Y Cia S.R.L.,Container International Servic,2025-12-03T19:05:42.751397,,,Arribado,,FFAU-752469-8,***************,,,
641.0,10/12,33567211,Lift Van Int. Co S.A,Hiperbaires - Icb T.Sur,2025-12-10T12:50:43.977303,,,Arribado,,HAMU-106830-8,***********,Maria Naranjo Quintero,,
656.0,11/12,EBKG15125858,Borax Argentina S A,Exolgan,2025-12-10T22:50:42.924691,,,Arribado,,FBIU-028551-3,FX32962526,Fac 12865,,
644.0,10/12,EBKG15100672,Chaguar Sociedad Anonima,Medlog Sarandi,2025-12-10T12:50:44.241756,,,Arribado,,MSBU-207355-0,FX32961298,,,
658.0,11/12,EBKG15125858,Borax Argentina S A,Exolgan,2025-12-10T22:50:43.129918,,,Arribado,,MEDU-659648-2,FX32962558,Fac 12865,,
647.0,11/12,21818643,Maringa Maderas Sa,Huxley Sa,2025-12-10T22:50:41.88461,,,Arribado,,BSIU-965189-1,,28600,,
663.0,11/12,EBKG15125858,Borax Argentina S A,Exolgan,2025-12-10T22:50:43.816213,,,Arribado,,FBIU-028551-3,FX32962526,Fac 12865,,
666.0,11/12,ZIMUBUE9045458,Valerio Oliva Forestal Sa,Hiperbaires - Icb T.Sur,2025-12-10T22:50:44.119726,,,Arribado,,ZCSU-694050-6,,28600,,
664.0,11/12,EBKG15125858,Borax Argentina S A,Exolgan,2025-12-10T22:50:43.91668,,,Arribado,,MEDU-659648-2,FX32962558,Fac 12865,,
665.0,11/12,EBKG15125858,Borax Argentina S A,Exolgan,2025-12-10T22:50:44.021476,,,Arribado,,FBIU-028551-3,FX32962526,Fac 12865,,
669.0,11/12,BUE500225000,Lawter Argentina S.A.,Container International Servic,2025-12-10T23:05:45.613959,,,Arribado,,PCIU-953897-5,,28600,,
682.0,12/12,BUE500240500,Chaguar Sociedad Anonima,Container International Servic,2025-12-11T23:35:42.140993,,,Arribado,,,,,,
582.0,02/12,BUEF13811700,Pallets Nef De Raul E. Fernand...,Hiperbaires - Icb T.Sur,2025-12-02T03:06:08.129636,,,Arribado,,ONEU-113124-9,********************,,,
596.0,09/12,BUA0356545,Suabia Maderas Srl,-,2025-12-03T18:05:49.898495,,,Arribado,,CMAU-544543-5,R8689569,,,
653.0,11/12,28321509,Mercovan Argentina S.A.,Exolgan,2025-12-10T22:50:42.608026,,,Arribado,,,,,,
667.0,11/12,ZIMUBUE9045458,Valerio Oliva Forestal Sa,Hiperbaires - Icb T.Sur,2025-12-10T22:50:44.240651,,,Arribado,,HPCU-464709-5,,28600,,
680.0,12/12,BUE500240500,Chaguar Sociedad Anonima,Container International Servic,2025-12-11T23:35:41.923088,,,Arribado,,,,,,
681.0,12/12,BUE500240500,Chaguar Sociedad Anonima,Container International Servic,2025-12-11T23:35:42.036012,,,Arribado,,,,,,
679.0,12/12,BUE500240500,Chaguar Sociedad Anonima,Container International Servic,2025-12-11T23:35:41.82532,,,Arribado,,,,,,
660.0,11/12,EBKG15125858,Borax Argentina S A,Exolgan,2025-12-10T22:50:43.387013,,,Arribado,,MEDU-659648-2,FX32962558,Fac 12865,,
676.0,12/12,263008746,Lawter Argentina S.A.,Huxley Sa,2025-12-11T23:35:41.521178,,,Arribado,,,,,,
661.0,11/12,EBKG15125858,Borax Argentina S A,Exolgan,2025-12-10T22:50:43.589994,,,Arribado,,FBIU-028551-3,FX32962526,Fac 12865,,
654.0,11/12,94365908,Mercovan Argentina S.A.,Exolgan,2025-12-10T22:50:42.716466,,,Arribado,,,,,,
648.0,11/12,262392574,Tipoiti Satic,Exolgan,2025-12-10T22:50:42.021857,,,,,,,,,
649.0,11/12,262392574,Tipoiti Satic,Exolgan,2025-12-10T22:50:42.163536,,,,,,,,,
650.0,11/12,262836599,Mercopallet Srl,Exolgan,2025-12-10T22:50:42.281077,,,,,,,,,
651.0,11/12,262836599,Mercopallet Srl,Exolgan,2025-12-10T22:50:42.395076,,,,,,,,,
652.0,11/12,262836599,Mercopallet Srl,Exolgan,2025-12-10T22:50:42.501422,,,,,,,,,
671.0,11/12,BUE500225000,Lawter Argentina S.A.,Container International Servic,2025-12-10T23:05:45.819213,,,Arribado,,UETU-597710-1,,28600,,
659.0,11/12,EBKG15125858,Borax Argentina S A,Exolgan,2025-12-10T22:50:43.242532,,,Arribado,,FBIU-028551-3,FX32962526,Fac 12865,,
677.0,12/12,BUA0356817,Laharrague Chodorge Sociedad A...,Terminal 7,2025-12-11T23:35:41.617139,,,Arribado,,,,,,
655.0,11/12,EBKG14939491,Pallets Jauregui Sociedad Anon...,Exolgan,2025-12-10T22:50:42.828066,,,Arribado,,,,,,
675.0,12/12,263001535,Tipoiti Satic,Huxley Sa,2025-12-11T23:35:41.424897,,,Arribado,,TIIU-559496-0,,28600,,
662.0,11/12,EBKG15125858,Borax Argentina S A,Exolgan,2025-12-10T22:50:43.709906,,,Arribado,,MEDU-659648-2,FX32962558,Fac 12865,,
668.0,11/12,94358756,Borax Argentina S A,Hiperbaires - Icb T.Sur,2025-12-10T23:05:45.521703,,,Arribado,,,,,,
678.0,12/12,BUA0356817,Laharrague Chodorge Sociedad A...,Terminal 7,2025-12-11T23:35:41.711717,,,Arribado,,,,,,
673.0,12/12,262835088,Isischu Srl,Gamma Libertador,2025-12-11T23:35:41.243861,,,,,,,,,
674.0,12/12,262835088,Isischu Srl,Gamma Libertador,2025-12-11T23:35:41.332175,,,,,,,,,
672.0,10/12,25001EC01,Funcke Maritime Sa,-,2025-12-10T23:35:46.509267,,,Arribado,,,,,,
657.0,11/12,EBKG15125858,Borax Argentina S A,Exolgan,2025-12-10T22:50:43.028851,,,Arribado,,FBIU-028551-3,FX32962526,Fac 12865,,
623.0,10/12,13588186,Manufactura Los Andes S.A.,Exolgan,2025-12-10T12:50:42.258255,,,Arribado,,TCLU-284116-5,************,FACT 19-02,,
613.0,09/12,28985448,Henn Y Cia S.R.L.,Gamma Libertador,2025-12-05T23:35:41.697106,,,Arribado,,HLXU-834045-7,,28600,,
599.0,04/12,BUE500229100,Henn Y Cia S.R.L.,Container International Servic,2025-12-03T19:05:42.849023,,,Arribado,,FFAU-624017-2,***************,,,
670.0,11/12,BUE500225000,Lawter Argentina S.A.,Container International Servic,2025-12-10T23:05:45.71747,,,Arribado,,PIDU-403145-0,,28600,,
686.0,12/12,EBKG14899796,Pallets Jauregui Sociedad Anon...,Exolgan,2025-12-11T23:35:42.522531,,,Arribado,,TGBU-564190-7,,28600,,
708.0,15/12,BUA0356461,Henn Y Cia S.R.L.,Terminal 7,2025-12-15T17:05:44.223795,,,Arribado,,CMAU-453489-0,K1265089,,,
692.0,15/12,261603328,Forestal San Francisco S.R.L.,Defibe,2025-12-12T18:20:41.869297,,,Arribado,,MRSU-315375-6,***********,,,
691.0,12/12,ZIMUBUE9045954,Norfor Sa,Hiperbaires - Icb T.Sur,2025-12-11T23:35:43.014827,,,Arribado,,,,,,
699.0,15/12,262951690,Borax Argentina S A,Huxley Sa,2025-12-12T18:20:42.65456,,,Arribado,,CAIU-251538-9,**********,fac 12862,,
700.0,15/12,262951690,Borax Argentina S A,Huxley Sa,2025-12-12T18:20:42.761732,,,Arribado,,CAIU-251538-9,**********,fac 12862,,
693.0,15/12,261603328,Forestal San Francisco S.R.L.,Defibe,2025-12-12T18:20:41.986064,,,Arribado,,MRSU-721628-2,**********,,,
717.0,16/12,BUA0356868,Lawter Argentina S.A.,Terminal 7,2025-12-15T21:20:41.712962,,,Arribado,,FFAU-216037-7,K1265069,,,
718.0,16/12,BUA0356868,Lawter Argentina S.A.,Terminal 7,2025-12-15T21:20:41.825796,,,Arribado,,SEKU-548860-6,K1265095,,,
719.0,16/12,BUA0356868,Lawter Argentina S.A.,Terminal 7,2025-12-15T21:20:41.924775,,,Arribado,,FCIU-876513-0,K1265100,,,
720.0,16/12,BUA0356868,Lawter Argentina S.A.,Terminal 7,2025-12-15T21:20:42.02489,,,Arribado,,FFAU-216037-7,K1265069,,,
721.0,16/12,BUA0356868,Lawter Argentina S.A.,Terminal 7,2025-12-15T21:20:42.120326,,,Arribado,,SEKU-548860-6,K1265095,,,
694.0,15/12,261603328,Forestal San Francisco S.R.L.,Defibe,2025-12-12T18:20:42.094283,,,Arribado,,MRSU-857514-2,**********,,,
722.0,16/12,BUA0356868,Lawter Argentina S.A.,Terminal 7,2025-12-15T21:20:42.217447,,,Arribado,,FCIU-876513-0,K1265100,,,
713.0,16/12,262790573,Funcke Maritime Sa,Gamma Mujica,2025-12-15T21:20:41.281909,,,Arribado,,MRKU-821074-8,*********,,,
701.0,15/12,262951690,Borax Argentina S A,Huxley Sa,2025-12-12T18:20:42.864229,,,Arribado,,CAIU-251538-9,**********,fac 12862,,
712.0,16/12,23291701,Elementa Foods S.A.,Huxley Sa,2025-12-15T21:20:41.177057,,,Arribado,,HLBU-135647-5,***********,,,
574.0,02/12,20323444,Capilatis S.A.,Huxley Sa,2025-12-02T03:06:07.305023,,,Arribado,,FANU-161397-6,HLD0437271,,,
723.0,16/12,BUA0356868,Lawter Argentina S.A.,Terminal 7,2025-12-15T21:20:42.318917,,,Arribado,,FFAU-216037-7,K1265069,,,
577.0,02/12,BUEF13811700,Pallets Nef De Raul E. Fernand...,Hiperbaires - Icb T.Sur,2025-12-02T03:06:07.614341,,,Arribado,,ONEU-136606-9,****************,,,
704.0,15/12,340500052441,Maringa Maderas Sa,Trp - Terminales 1-2-3,2025-12-12T18:20:43.192327,,,Arribado,,EITU-930641-7,**************,,,
578.0,02/12,BUEF13811700,Pallets Nef De Raul E. Fernand...,Hiperbaires - Icb T.Sur,2025-12-02T03:06:07.717864,,,Arribado,,TRHU-700769-1,***************,,,
711.0,16/12,23291701,Elementa Foods S.A.,Huxley Sa,2025-12-15T21:20:41.032092,,,Arribado,,HLBU-135647-5,***********,,,
728.0,16/12,ZIMUBUE9046022,Lawter Argentina S.A.,Hiperbaires - Icb T.Sur,2025-12-15T21:20:42.827909,,,17:18 Arribado,,TCNU-298172-9,************,,,
729.0,16/12,ZIMUBUE9046022,Lawter Argentina S.A.,Hiperbaires - Icb T.Sur,2025-12-15T21:20:42.937615,,,17:21 Arribado,,TCNU-541549-5,************,,,
730.0,16/12,ZIMUBUE9046022,Lawter Argentina S.A.,Hiperbaires - Icb T.Sur,2025-12-15T21:20:43.064139,,,17:18 Arribado,,TCNU-298172-9,************,,,
731.0,16/12,ZIMUBUE9046022,Lawter Argentina S.A.,Hiperbaires - Icb T.Sur,2025-12-15T21:20:43.173089,,,17:21 Arribado,,TCNU-541549-5,************,,,
724.0,16/12,BUA0356868,Lawter Argentina S.A.,Terminal 7,2025-12-15T21:20:42.420346,,,Arribado,,SEKU-548860-6,K1265095,,,
725.0,16/12,BUA0356868,Lawter Argentina S.A.,Terminal 7,2025-12-15T21:20:42.512874,,,Arribado,,TGBU-519752-0,K1265054,,,
696.0,15/12,262626588,Manufactura Los Andes S.A.,Defibe,2025-12-12T18:20:42.318668,,,Arribado,,MRKU-548063-1,************,,,
697.0,15/12,262626588,Manufactura Los Andes S.A.,Defibe,2025-12-12T18:20:42.440822,,,Arribado,,MRSU-402301-6,***********,,,
714.0,16/12,263052543,Manufactura Los Andes S.A.,Huxley Sa,2025-12-15T21:20:41.394161,,,Arribado,,MRKU-410233-9,,FC 23-007,,
706.0,15/12,BUA0356461,Henn Y Cia S.R.L.,Terminal 7,2025-12-15T17:05:44.044359,,,Arribado,,CMAU-453489-0,K1265089,,,
715.0,16/12,BUA0355666,Carpal Sa,Terminal 7,2025-12-15T21:20:41.514576,,,Arribado,,CAIU-908719-5,K1265062,,,
716.0,16/12,BUA0355666,Carpal Sa,Terminal 7,2025-12-15T21:20:41.613993,,,Arribado,,TEMU-896648-6,R8690897,,,
732.0,16/12,ZIMUBUE9046132,Refractarios Argentinos Saicm,Hiperbaires - Icb T.Sur,2025-12-15T21:20:43.272466,,,Arribado,,ZIMU-305937-8,**************,,,
710.0,15/12,BUA0356461,Henn Y Cia S.R.L.,Terminal 7,2025-12-15T17:05:44.412088,,,Arribado,,APHU-737626-0,K1265081,,,
705.0,15/12,65328412,Litoral Citrus S A,Hiperbaires - Icb T.Sur,2025-12-12T18:20:43.307898,,,Arribado,,HLBU-373228-9,************,imo,,
698.0,15/12,262626588,Manufactura Los Andes S.A.,Defibe,2025-12-12T18:20:42.550113,,,Arribado,,MRKU-548063-1,************,,,
739.0,17/12,BUE500247900,Borax Argentina S A,Container International Servic,2025-12-17T14:05:44.988477,,,Arribado,,PCIU-119115-4,************,fc 12898,,
738.0,17/12,263165783,Manufactura Los Andes S.A.,Huxley Sa,2025-12-17T14:05:44.892933,,,Arribado,,MRKU-999081-8,***********,,,
740.0,17/12,BUE500247900,Borax Argentina S A,Container International Servic,2025-12-17T14:05:45.100016,,,Arribado,,PCIU-119115-4,************,fc 12898,,
733.0,17/12,262681100,Elementa Foods S.A.,Defibe,2025-12-17T14:05:44.348977,,,Arribado,,MRKU-110594-6,*************,,,
734.0,17/12,262681100,Elementa Foods S.A.,Defibe,2025-12-17T14:05:44.465426,,,Arribado,,MSKU-925111-0,************,,,
735.0,17/12,262681100,Elementa Foods S.A.,Defibe,2025-12-17T14:05:44.555926,,,Arribado,,MRKU-110594-6,*************,,,
695.0,15/12,261603328,Forestal San Francisco S.R.L.,Defibe,2025-12-12T18:20:42.207926,,,Arribado,,SUDU-673654-9,**********,,,
726.0,16/12,ZIMUBUE9045625,Premecol Srl,Terminal 7,2025-12-15T21:20:42.610577,,,Arribado,,ZCSU-707841-7,**************,,,
736.0,17/12,263165783,Manufactura Los Andes S.A.,Huxley Sa,2025-12-17T14:05:44.685354,,,Arribado,,MRKU-999081-8,***********,,,
709.0,15/12,BUA0356461,Henn Y Cia S.R.L.,Terminal 7,2025-12-15T17:05:44.327463,,,Arribado,,TLLU-500288-8,K1265210,,,
737.0,17/12,263165783,Manufactura Los Andes S.A.,Huxley Sa,2025-12-17T14:05:44.780509,,,Arribado,,TEMU-068516-3,*************,,,
727.0,16/12,ZIMUBUE9045625,Premecol Srl,Terminal 7,2025-12-15T21:20:42.715585,,,Arribado,,BSIU-976739-3,**************,,,
702.0,15/12,340500052441,Maringa Maderas Sa,Trp - Terminales 1-2-3,2025-12-12T18:20:42.971069,,,Arribado,,EITU-930641-7,**************,,,
703.0,15/12,340500052441,Maringa Maderas Sa,Trp - Terminales 1-2-3,2025-12-12T18:20:43.071845,,,Arribado,,EISU-859091-6,************,,,
707.0,15/12,BUA0356461,Henn Y Cia S.R.L.,Terminal 7,2025-12-15T17:05:44.139244,,,Arribado,,TLLU-500288-8,K1265210,,,
741.0,17/12,BUE500247900,Borax Argentina S A,Container International Servic,2025-12-17T14:05:45.201397,,,Arribado,,PCIU-119115-4,************,fc 12898,,
742.0,17/12,BUE500247900,Borax Argentina S A,Container International Servic,2025-12-17T14:05:45.317087,,,Arribado,,PCIU-119115-4,************,fc 12898,,
743.0,17/12,BUEA44769800,Curtiembre Infante Sa,Container International Servic,2025-12-17T14:05:45.419612,,,Arribado,,TIIU-598567-1,**********,,,
745.0,18/12,10739564,Lift Van Int. Co S.A,Huxley Sa,2025-12-18T11:50:39.467266,,,,,,,,,
748.0,18/12,17225872,Chaguar Sociedad Anonima,Hiperbaires - Icb T.Sur,2025-12-18T11:50:39.744232,,,Arribado,,HLBU-275473-0,***********,,,
768.0,19/12,EBKG14924878,Bymar Transforwarding,Exolgan,2025-12-19T00:20:41.527484,,,Arribado,,MSDU-610884-1,FX32962226,,,
769.0,19/12,EBKG14924878,Bymar Transforwarding,Exolgan,2025-12-19T00:20:41.61122,,,Arribado,,MSDU-780131-5,FX32962060,,,
770.0,19/12,ZIMUBUE9045659,Valerio Oliva Forestal Sa,Hiperbaires - Icb T.Sur,2025-12-19T00:20:41.721755,,,Arribado,,SELU-429673-5,***********,,,
771.0,19/12,ZIMUBUE9045659,Valerio Oliva Forestal Sa,Hiperbaires - Icb T.Sur,2025-12-19T00:20:41.808761,,,Arribado,,ZCSU-651720-1,************,,,
758.0,18/12,BUE500245500,Henn Y Cia S.R.L.,Container International Servic,2025-12-18T11:50:40.619379,,,Arribado,,PCIU-139058-3,****************,,,
777.0,22/12,263338639,Lawter Argentina S.A.,Huxley Sa,2025-12-19T22:50:42.27399,,,Arribado,,MRKU-099909-6,***********,,,
778.0,22/12,263338639,Lawter Argentina S.A.,Huxley Sa,2025-12-19T22:50:42.36342,,,Arribado,,MRKU-073039-0,**********,,,
779.0,22/12,263338639,Lawter Argentina S.A.,Huxley Sa,2025-12-19T22:50:42.457176,,,Arribado,,MRKU-099909-6,***********,,,
780.0,22/12,263338639,Lawter Argentina S.A.,Huxley Sa,2025-12-19T22:50:42.547436,,,Arribado,,PONU-177459-0,************,,,
761.0,19/12,33247364,Maringa Maderas Sa,Huxley Sa,2025-12-19T00:20:40.854229,,,Arribado,,SEGU-571806-8,************,,,
781.0,22/12,263338639,Lawter Argentina S.A.,Huxley Sa,2025-12-19T22:50:42.640831,,,Arribado,,MRKU-073039-0,**********,,,
772.0,19/12,ZIMUBUE9045961,Mafralac Alimenticia Srl,Hiperbaires - Icb T.Sur,2025-12-19T00:20:41.905643,,,Arribado,,JXLU-621014-9,***********,,,
759.0,18/12,BUE500245500,Henn Y Cia S.R.L.,Container International Servic,2025-12-18T11:50:40.742694,,,Arribado,,PCIU-139058-3,****************,,,
762.0,19/12,BUEA92942800,Lawter Argentina S.A.,Hiperbaires - Icb T.Sur,2025-12-19T00:20:40.942504,,,Arribado,,,,,,
775.0,22/12,262400224,Forestal Guarani Sa,Huxley Sa,2025-12-19T22:50:42.060914,,,Arribado,,HASU-503631-6,***********,,,
750.0,18/12,261969570,Hilado Sa,Defibe,2025-12-18T11:50:39.912454,,,Arribado,,CAAU-523526-5,***********,,,
751.0,18/12,261969570,Hilado Sa,Defibe,2025-12-18T11:50:39.996772,,,Arribado,,HASU-400350-8,*********,,,
752.0,18/12,261969570,Hilado Sa,Defibe,2025-12-18T11:50:40.099067,,,Arribado,,MRKU-336068-4,***********,,,
753.0,18/12,261969570,Hilado Sa,Defibe,2025-12-18T11:50:40.190148,,,Arribado,,MRKU-448755-0,************,,,
754.0,18/12,261969570,Hilado Sa,Defibe,2025-12-18T11:50:40.271265,,,Arribado,,MRSU-791150-9,***********,,,
773.0,19/12,26639934,Famacon S.A.,Huxley Sa,2025-12-19T22:50:41.841204,,,Arribado,,,,,,
763.0,19/12,EBKG14924878,Bymar Transforwarding,Exolgan,2025-12-19T00:20:41.0275,,,Arribado,,CAAU-580764-8,FX32962105,,,
744.0,17/12,BUEA44769800,Curtiembre Infante Sa,Container International Servic,2025-12-17T14:05:45.526133,,,Arribado,,TIIU-598567-1,**********,,,
776.0,22/12,263338639,Lawter Argentina S.A.,Huxley Sa,2025-12-19T22:50:42.169376,,,Arribado,,MRKU-073039-0,**********,,,
746.0,18/12,17225872,Chaguar Sociedad Anonima,Hiperbaires - Icb T.Sur,2025-12-18T11:50:39.56757,,,Arribado,,HLBU-381332-8,************,,,
782.0,22/12,EBKG15070368,Carpal Sa,Medlog Sarandi,2025-12-19T22:50:42.736368,,,17:21 Arribado,,FBLU-000913-0,FX32955138,,,
783.0,22/12,EBKG15070368,Carpal Sa,Medlog Sarandi,2025-12-19T22:50:42.851343,,,17:21 Arribado,,FBLU-000913-0,FX32955138,,,
747.0,18/12,17225872,Chaguar Sociedad Anonima,Hiperbaires - Icb T.Sur,2025-12-18T11:50:39.662493,,,Arribado,,HLBU-381332-8,************,,,
785.0,22/12,EBKG15070368,Carpal Sa,Medlog Sarandi,2025-12-19T22:50:43.048595,,,17:21 Arribado,,FBLU-000913-0,FX32955138,,,
786.0,26/12,263175837,Mader Zu S.R.L.,-,2025-12-23T13:06:04.559436,,,,,,,,,
787.0,26/12,262952487,Isischu Srl,-,2025-12-23T16:20:41.22531,,,,,,,,,
788.0,26/12,262952487,Isischu Srl,-,2025-12-23T16:20:41.317214,,,,,,,,,
789.0,26/12,262952487,Isischu Srl,-,2025-12-23T16:20:41.41366,,,,,,,,,
790.0,26/12,EBKG15300531,Borax Argentina S A,-,2025-12-23T16:20:41.509039,,,,,,,,,
784.0,22/12,EBKG15070368,Carpal Sa,Medlog Sarandi,2025-12-19T22:50:42.944516,,,17:21 Arribado,,FBLU-000913-0,FX32955138,,,
749.0,18/12,17225872,Chaguar Sociedad Anonima,Hiperbaires - Icb T.Sur,2025-12-18T11:50:39.829057,,,Arribado,,HLBU-381332-8,************,,,
756.0,18/12,261969570,Hilado Sa,Defibe,2025-12-18T11:50:40.441327,,,Arribado,,TCLU-915293-3,***********,,,
755.0,18/12,261969570,Hilado Sa,Defibe,2025-12-18T11:50:40.357675,,,Arribado,,SUDU-698362-0,************,,,
757.0,18/12,BUA0357167,Lift Van Int. Co S.A,Hiperbaires - Icb T.Sur,2025-12-18T11:50:40.532763,,,Arribado,,TLLU-279650-5,K1267638,,,
774.0,22/12,262400224,Forestal Guarani Sa,Huxley Sa,2025-12-19T22:50:41.94776,,,Arribado,,HASU-503631-6,***********,,,
764.0,19/12,EBKG14924878,Bymar Transforwarding,Exolgan,2025-12-19T00:20:41.116813,,,Arribado,,CAAU-580764-8,FX32962105,,,
765.0,19/12,EBKG14924878,Bymar Transforwarding,Exolgan,2025-12-19T00:20:41.214002,,,Arribado,,MSDU-610884-1,FX32962226,,,
766.0,19/12,EBKG14924878,Bymar Transforwarding,Exolgan,2025-12-19T00:20:41.332334,,,Arribado,,MSNU-572410-1,FX32962053,,,
767.0,19/12,EBKG14924878,Bymar Transforwarding,Exolgan,2025-12-19T00:20:41.442659,,,Arribado,,CAAU-580764-8,FX32962105,,,
760.0,18/12,BUE500245500,Henn Y Cia S.R.L.,Container International Servic,2025-12-18T11:50:40.82897,,,Arribado,,PCIU-139058-3,****************,,,
791.0,26/12,EBKG15300531,Borax Argentina S A,-,2025-12-23T16:20:41.593957,,,,,,,,,
792.0,26/12,EBKG15300531,Borax Argentina S A,-,2025-12-23T16:20:41.677979,,,,,,,,,
793.0,26/12,EBKG15300531,Borax Argentina S A,-,2025-12-23T16:20:41.768279,,,,,,,,,
794.0,26/12,EBKG15300531,Borax Argentina S A,-,2025-12-23T16:20:41.86984,,,,,,,,,
,29/12,ZIMUBUE9046218,Lawter Argentina S.A.,-,,,,,,,,,,1.0
